,,,,,Coppa Front Bar,,Coppa Cellar,,Coppa Corridor,,Coppa Cage,,Sub Totals,,Events Front Bar,,Events Cellar,,Events Cage,,Events Back Room,,Events Pantry,,Events Blue Cupboard,,Sub Totals,,Cafe Front Bar,,Room 1,,Sub Totals,,Lobster Front Bar,,Lobster Shed,,Sub Totals,,Totals,
Stock Type,Category,Sub Category,Pack Volume,Brand ,Fulls,Singles,Fulls,Singles,Fulls,Singles,Fulls,Singles,Fulls,Singles,Fulls,Singles,Fulls,Singles,Fulls,,Fulls,Singles,Fulls,Singles,Fulls,Singles,Fulls,Singles,Fulls,Singles,Fulls,Singles,Fulls,Singles,Fulls,Singles,Fulls,Singles,Fulls,Singles,Fulls,Singles
210734,Alcoholic bottles/ cans,Beer - Bottle/Can,24 x 330 ml [24],Asahi Lager - 5.00% - .,,,,,,,,,0.00,0.00,,,,,,,,,,,,,0.00,0.00,,,,,0.00,0.00,,,,,0.00,0.00,0.00,0.00
,Alcoholic bottles/ cans,Beer - Bottle/Can,8 x 330 ml [8],Aspal Cyder,,,,,,,,,0.00,0.00,,,,,,,,,,,,,0.00,0.00,,,,,0.00,0.00,,,,,0.00,0.00,0.00,0.00
2392495,Alcoholic bottles/ cans,Beer - Bottle/Can,24 x 33 cl [24],Brixton Reliance - Pale Ale,,,,,,,,,0.00,0.00,,,,,,,,,,,,,0.00,0.00,,,,,0.00,0.00,,,,,0.00,0.00,0.00,0.00
5536790,Alcoholic bottles/ cans,Beer - Bottle/Can,24 x 558 ml [24],Guinness Beer - 4.2% - Microdraught,,,,,,,,,0.00,0.00,,,,,,,,,,,,,0.00,0.00,,,,,0.00,0.00,,,,,0.00,0.00,0.00,0.00
6822446,Alcoholic bottles/ cans,Beer - Bottle/Can,24 x 538 ml [24],Guinness Stout - 0% - Zero,,,,,,,,,0.00,0.00,,,,,,,,,,,,,0.00,0.00,,,,,0.00,0.00,,,,,0.00,0.00,0.00,0.00
5762971,Alcoholic bottles/ cans,Beer - Bottle/Can,24 x 330 ml [24],Peroni Lager - 0% - Nastro Azzuro,,,,,,,,,0.00,0.00,,,,,,,,,,,,,0.00,0.00,,,,,0.00,0.00,,,,,0.00,0.00,0.00,0.00
,Alcoholic bottles/ cans,Beer - Bottle/Can,24 x 330 ml [24],Peroni Lager - Gluten Free - Nastro Azzuro,,,,,,,,,0.00,0.00,,,,,,,,,,,,,0.00,0.00,,,,,0.00,0.00,,,,,0.00,0.00,0.00,0.00
,Alcoholic bottles/ cans,Beer - Bottle/Can,8 x 500 ml [8],Renegade Brewery Best Bitter - Good Old Boy - NRB,,,,,,,,,0.00,0.00,,,,,,,,,,,,,0.00,0.00,,,,,0.00,0.00,,,,,0.00,0.00,0.00,0.00
3967195,Alcoholic bottles/ cans,Beer & Ale,12 x 500 ml [12],BumbleBee Hard Cider 4.5%,,,,,,,,,0.00,0.00,,,,,,,,,,,,,0.00,0.00,,,,,0.00,0.00,,,,,0.00,0.00,0.00,0.00
210679,Alcoholic bottles/ cans,Cider - Bottle/Can,15 x 500 ml [15],Rekorderlig Swedish - Strawberry &amp; Lime Cider - 4.50% - NRB,,,,,,,,,0.00,0.00,,,,,,,,,,,,,0.00,0.00,,,,,0.00,0.00,,,,,0.00,0.00,0.00,0.00
6875972,Alcoholic bottles/ cans,Cider - Bottle/Can,12 x 500 ml [12],Sheppy's Cider - 200 Special Edition - 5%,,,,,,,,,0.00,0.00,,,,,,,,,,,,,0.00,0.00,,,,,0.00,0.00,,,,,0.00,0.00,0.00,0.00
,Cocktail mixes,Cocktail Mixes,1 x 15 cl [1],Fee Brothers Aztec Chocolate Bitters,,,,,,,,,0.00,0.00,,,,,,,,,,,,,0.00,0.00,,,,,0.00,0.00,,,,,0.00,0.00,0.00,0.00
2916765,Cocktail mixes,Cocktail Mixes,6 x 1 ltr [6],Icely Done Cocktail Blend - Spiced Cranberry &amp; Clementine,,,,,,,,,0.00,0.00,,,,,,,,,,,,,0.00,0.00,,,,,0.00,0.00,,,,,0.00,0.00,0.00,0.00
4802900,Cocktail mixes,Cocktail Mixes,1 x 70cl [1],Monin Syrup - Strawberry,,,,,,,,,0.00,0.00,,,,,,,,,,,,,0.00,0.00,,,,,0.00,0.00,,,,,0.00,0.00,0.00,0.00
3117451,Cocktail mixes,Premixed Drinks,24 x 250 ml [24],Big Tom Tomato Juice,,,,,,,,,0.00,0.00,,,,,,,,,,,,,0.00,0.00,,,,,0.00,0.00,,,,,0.00,0.00,0.00,0.00
7213679,Cocktail mixes,Premixed Drinks,12 x 250 ml [12],Punchy Blood Orange,,,,,,,,,0.00,0.00,,,,,,,,,,,,,0.00,0.00,,,,,0.00,0.00,,,,,0.00,0.00,0.00,0.00
3286494,Cocktail mixes,Premixed Drinks,12 x 250 ml [12],Punchy Cucumber,,,,,,,,,0.00,0.00,,,,,,,,,,,,,0.00,0.00,,,,,0.00,0.00,,,,,0.00,0.00,0.00,0.00
546355,Cocktail mixes,Squash & Cordial,1 x 500 ml [1],Bottlegreen Elderflower,,,,,,,,,0.00,0.00,,,,,,,,,,,,,0.00,0.00,,,,,0.00,0.00,,,,,0.00,0.00,0.00,0.00
5544675,Cocktail mixes,Squash & Cordial,6 x 1 ltr [6],Cordial - Mango & Passionfruit,,,,,,,,,0.00,0.00,,,,,,,,,,,,,0.00,0.00,,,,,0.00,0.00,,,,,0.00,0.00,0.00,0.00
2198745,Cocktail mixes,Squash & Cordial,6 x 1 ltr [6],Cordial - Rhubarb & Strawberry,,,,,,,,,0.00,0.00,,,,,,,,,,,,,0.00,0.00,,,,,0.00,0.00,,,,,0.00,0.00,0.00,0.00
212438,Cocktail mixes,Squash & Cordial,6 x 1 ltr [6],Passion Fruit & Vanilla Sorbet - Cordial,,,,,,,,,0.00,0.00,,,,,,,,,,,,,0.00,0.00,,,,,0.00,0.00,,,,,0.00,0.00,0.00,0.00
388445,Cocktail mixes,Squash & Cordial,1 x 1 ltr [1],Schweppes Blackcurrant - NRB,,,,,,,,,0.00,0.00,,,,,,,,,,,,,0.00,0.00,,,,,0.00,0.00,,,,,0.00,0.00,0.00,0.00
390556,Cocktail mixes,Squash & Cordial,1 x 1 ltr [1],Schweppes Lime Cordial,,,,,,,,,0.00,0.00,,,,,,,,,,,,,0.00,0.00,,,,,0.00,0.00,,,,,0.00,0.00,0.00,0.00
317090,Cocktail mixes,Syrups,1 x 70cl [1],Monin Gomme Syrup,,,,,,,,,0.00,0.00,,,,,,,,,,,,,0.00,0.00,,,,,0.00,0.00,,,,,0.00,0.00,0.00,0.00
6975423,Cocktail mixes,Syrups,1 x 70 cl [1],Monin Honey - Syrup,,,,,,,,,0.00,0.00,,,,,,,,,,,,,0.00,0.00,,,,,0.00,0.00,,,,,0.00,0.00,0.00,0.00
252574,Cocktail mixes,Syrups,1 x 70 cl [1],Monin Pina Colada Syrup,,,,,,,,,0.00,0.00,,,,,,,,,,,,,0.00,0.00,,,,,0.00,0.00,,,,,0.00,0.00,0.00,0.00
390562,Cocktail mixes,Syrups,1 x 70 cl [1],Monin Spritz - Orange,,,,,,,,,0.00,0.00,,,,,,,,,,,,,0.00,0.00,,,,,0.00,0.00,,,,,0.00,0.00,0.00,0.00
388463,Cocktail mixes,Syrups,1 x 70 cl [1],Monin Sugar Syrup - Muscovado,,,,,,,,,0.00,0.00,,,,,,,,,,,,,0.00,0.00,,,,,0.00,0.00,,,,,0.00,0.00,0.00,0.00
2332706,Cocktail mixes,Syrups,1 x 70 cl [1],Monin Syrup - Almond,,,,,,,,,0.00,0.00,,,,,,,,,,,,,0.00,0.00,,,,,0.00,0.00,,,,,0.00,0.00,0.00,0.00
988622,Cocktail mixes,Syrups,1 x 70 cl [1],Monin Syrup - Caramel,,,,,,,,,0.00,0.00,,,,,,,,,,,,,0.00,0.00,,,,,0.00,0.00,,,,,0.00,0.00,0.00,0.00
674299,Cocktail mixes,Syrups,1 x 70 cl [1],Monin Syrup - Chai Tea,,,,,,,,,0.00,0.00,,,,,,,,,,,,,0.00,0.00,,,,,0.00,0.00,,,,,0.00,0.00,0.00,0.00
2748429,Cocktail mixes,Syrups,1 x 70 cl  [1],Monin Syrup - Cinnamon,,,,,,,,,0.00,0.00,,,,,,,,,,,,,0.00,0.00,,,,,0.00,0.00,,,,,0.00,0.00,0.00,0.00
503590,Cocktail mixes,Syrups,1 x 100 cl [1],Monin Syrup - Creme Brulee,,,,,,,,,0.00,0.00,,,,,,,,,,,,,0.00,0.00,,,,,0.00,0.00,,,,,0.00,0.00,0.00,0.00
6178931,Cocktail mixes,Syrups,1 x 70 cl [1],Monin Syrup - Gingerbread,,,,,,,,,0.00,0.00,,,,,,,,,,,,,0.00,0.00,,,,,0.00,0.00,,,,,0.00,0.00,0.00,0.00
2718343,Cocktail mixes,Syrups,1 x 70 cl [1],Monin Syrup - Green Mint,,,,,,,,,0.00,0.00,,,,,,,,,,,,,0.00,0.00,,,,,0.00,0.00,,,,,0.00,0.00,0.00,0.00
6239991,Cocktail mixes,Syrups,1 x 70 cl [1],Monin Syrup - Hazelnut,,,,,,,,,0.00,0.00,,,,,,,,,,,,,0.00,0.00,,,,,0.00,0.00,,,,,0.00,0.00,0.00,0.00
2446488,Cocktail mixes,Syrups,1 x 70 cl  [1],Monin Syrup - Peach,,,,,,,,,0.00,0.00,,,,,,,,,,,,,0.00,0.00,,,,,0.00,0.00,,,,,0.00,0.00,0.00,0.00
205208,Cocktail mixes,Syrups,1 x 70 cl [1],Monin Syrup - Pear,,,,,,,,,0.00,0.00,,,,,,,,,,,,,0.00,0.00,,,,,0.00,0.00,,,,,0.00,0.00,0.00,0.00
1771369,Cocktail mixes,Syrups,1 x 70 cl [1],Monin Syrup - Pink Grapefruit,,,,,,,,,0.00,0.00,,,,,,,,,,,,,0.00,0.00,,,,,0.00,0.00,,,,,0.00,0.00,0.00,0.00
2446492,Cocktail mixes,Syrups,1 x 70 cl [1],Monin Syrup - Red Berry,,,,,,,,,0.00,0.00,,,,,,,,,,,,,0.00,0.00,,,,,0.00,0.00,,,,,0.00,0.00,0.00,0.00
205240,Cocktail mixes,Syrups,1 x 70 cl [1],Monin Syrup - Vanilla,,,,,,,,,0.00,0.00,,,,,,,,,,,,,0.00,0.00,,,,,0.00,0.00,,,,,0.00,0.00,0.00,0.00
205229,Cocktail mixes,Syrups,6 x 1ltr [6],Tangled Roots,,,,,,,,,0.00,0.00,,,,,,,,,,,,,0.00,0.00,,,,,0.00,0.00,,,,,0.00,0.00,0.00,0.00
2498125,Draught,Beer - Draught,6.6 x 1 gal [6.6],Beavertown Beer - 4.3% - Neck Oil,,,,,,,,,0.00,0.00,,,,,,,,,,,,,0.00,0.00,,,,,0.00,0.00,,,,,0.00,0.00,0.00,0.00
,Draught,Beer - Draught,1 x 11 x gal (50ltr) [11],Guinness Stout - 4.10% - Red Band - Draught,,,,,,,,,0.00,0.00,,,,,,,,,,,,,0.00,0.00,,,,,0.00,0.00,,,,,0.00,0.00,0.00,0.00
1875431,Draught,Beer - Draught,6.6 x 1 Gallon [6.6],Guinness Stout - Blackguard,,,,,,,,,0.00,0.00,,,,,,,,,,,,,0.00,0.00,,,,,0.00,0.00,,,,,0.00,0.00,0.00,0.00
1875440,Draught,Beer - Draught,11 x 1 gal,lime,,,,,,,,,0.00,0.00,,,,,,,,,,,,,0.00,0.00,,,,,0.00,0.00,,,,,0.00,0.00,0.00,0.00
1875450,Draught,Beer - Draught,4.4 x 1 gal [4.4],Hoegaarden Beer - Keg,,,,,,,,,0.00,0.00,,,,,,,,,,,,,0.00,0.00,,,,,0.00,0.00,,,,,0.00,0.00,0.00,0.00
1875453,Draught,Beer - Draught,11 x 1 gal,Peroni Draught Beer : 5.10%,,,,,,,,,0.00,0.00,,,,,,,,,,,,,0.00,0.00,,,,,0.00,0.00,,,,,0.00,0.00,0.00,0.00
6697490,Draught,Beer - Draught,6.6 x 1 gal (30 ltr),PERONI LAGER 30L KEG,,,,,,,,,0.00,0.00,,,,,,,,,,,,,0.00,0.00,,,,,0.00,0.00,,,,,0.00,0.00,0.00,0.00
,Draught,Beer - Draught,11 x 1 Gallon [11],Renegade Craft Lager - 4.1%,,,,,,,,,0.00,0.00,,,,,,,,,,,,,0.00,0.00,,,,,0.00,0.00,,,,,0.00,0.00,0.00,0.00
273280,Draught,Beer - Draught,6.6 x 1 gal (30 ltr),Tiny Rebel Easy Livin' : Session Ale : Pale : Keg,,,,,,,,,0.00,0.00,,,,,,,,,,,,,0.00,0.00,,,,,0.00,0.00,,,,,0.00,0.00,0.00,0.00
2181417,Draught,Beer - Draught,9 x 1 Gallon [9],West Berkshire Brewery Bitter - Good Old Boy,,,,,,,,,0.00,0.00,,,,,,,,,,,,,0.00,0.00,,,,,0.00,0.00,,,,,0.00,0.00,0.00,0.00
,Draught,Beer & Ale,11 x 1 gal [11],Beer - Birra Moretti - Draught,,,,,,,,,0.00,0.00,,,,,,,,,,,,,0.00,0.00,,,,,0.00,0.00,,,,,0.00,0.00,0.00,0.00
,Draught,Cider - Draft,11 x 1 Gallon [11],Aspall Cyder - Orange Cap,,,,,,,,,0.00,0.00,,,,,,,,,,,,,0.00,0.00,,,,,0.00,0.00,,,,,0.00,0.00,0.00,0.00
,Draught,Pimms,1 x 11gal (50ltr) [11],Pimms Pimms - 5.4%,,,,,,,,,0.00,0.00,,,,,,,,,,,,,0.00,0.00,,,,,0.00,0.00,,,,,0.00,0.00,0.00,0.00
7029531,Fruit & Hebs,Fruit,1 x 1 each [1],Cucumber - Large,,,,,,,,,0.00,0.00,,,,,,,,,,,,,0.00,0.00,,,,,0.00,0.00,,,,,0.00,0.00,0.00,0.00
3081192,Fruit & Hebs,Fruit,1 each [1],LEMONS - ***Lemons to be counted on this line***,,,,,,,,,0.00,0.00,,,,,,,,,,,,,0.00,0.00,,,,,0.00,0.00,,,,,0.00,0.00,0.00,0.00
,Fruit & Hebs,Fruit,1 x 1 kg [1],Lime,,,,,,,,,0.00,0.00,,,,,,,,,,,,,0.00,0.00,,,,,0.00,0.00,,,,,0.00,0.00,0.00,0.00
374690,Fruit & Hebs,Fruit,4 x 1 each [4],Orange - Large,,,,,,,,,0.00,0.00,,,,,,,,,,,,,0.00,0.00,,,,,0.00,0.00,,,,,0.00,0.00,0.00,0.00
1677821,Fruit & Hebs,Fruit,48 x 1 each [48],Passionfruit,,,,,,,,,0.00,0.00,,,,,,,,,,,,,0.00,0.00,,,,,0.00,0.00,,,,,0.00,0.00,0.00,0.00
7029537,Fruit & Hebs,Fruit,1 x 125g [1],Raspberries,,,,,,,,,0.00,0.00,,,,,,,,,,,,,0.00,0.00,,,,,0.00,0.00,,,,,0.00,0.00,0.00,0.00
1083170,Fruit & Hebs,Fruit,1 x 400 g [1],Strawberries,,,,,,,,,0.00,0.00,,,,,,,,,,,,,0.00,0.00,,,,,0.00,0.00,,,,,0.00,0.00,0.00,0.00
272027,Fruit & Hebs,Herbs,1 x 100g [1],Mint,,,,,,,,,0.00,0.00,,,,,,,,,,,,,0.00,0.00,,,,,0.00,0.00,,,,,0.00,0.00,0.00,0.00
7343583,Fruit & Hebs,Herbs,1 x 100 g [1],Rosemary,,,,,,,,,0.00,0.00,,,,,,,,,,,,,0.00,0.00,,,,,0.00,0.00,,,,,0.00,0.00,0.00,0.00
5589427,Hot drinks,Coffee - Beans,10 x 1 kg [10],Beans - Musetti 202,,,,,,,,,0.00,0.00,,,,,,,,,,,,,0.00,0.00,,,,,0.00,0.00,,,,,0.00,0.00,0.00,0.00
362140,Hot drinks,Coffee - Beans,10 x 1 kg [10],Musetti Coffee Beans - DEK (Decaf),,,,,,,,,0.00,0.00,,,,,,,,,,,,,0.00,0.00,,,,,0.00,0.00,,,,,0.00,0.00,0.00,0.00
5433794,Hot drinks,Coffee - Filter,100 x 85 g [100],202 - Filter Coffee,,,,,,,,,0.00,0.00,,,,,,,,,,,,,0.00,0.00,,,,,0.00,0.00,,,,,0.00,0.00,0.00,0.00
,Hot drinks,Coffee - Filter,24 x 250 g [24],Musetti Dek Tin - Espresso,,,,,,,,,0.00,0.00,,,,,,,,,,,,,0.00,0.00,,,,,0.00,0.00,,,,,0.00,0.00,0.00,0.00
252511,Hot drinks,Coffee - Filter,24 x 250 g [24],Musetti Dek Tins - Filter Coffee,,,,,,,,,0.00,0.00,,,,,,,,,,,,,0.00,0.00,,,,,0.00,0.00,,,,,0.00,0.00,0.00,0.00
1792472,Hot drinks,Hot chocolate,6 x 50 x 1 each [300],Musetti - Choc-issimo - Sachets,,,,,,,,,0.00,0.00,,,,,,,,,,,,,0.00,0.00,,,,,0.00,0.00,,,,,0.00,0.00,0.00,0.00
8338397,Hot drinks,Tea - Speciality,6 x 20 each [6],Earl Grey,,,,,,,,,0.00,0.00,,,,,,,,,,,,,0.00,0.00,,,,,0.00,0.00,,,,,0.00,0.00,0.00,0.00
791164,Hot drinks,Tea - Speciality,6 x 20 x 1 each [120],Harneys Green Tea with Citrus - Organic - Silk Bag,,,,,,,,,0.00,0.00,,,,,,,,,,,,,0.00,0.00,,,,,0.00,0.00,,,,,0.00,0.00,0.00,0.00
217063,Hot drinks,Tea - Speciality,6 x 20 x 1 Box [120],Harneys Hot Cinnamon Spice - Tea Bags,,,,,,,,,0.00,0.00,,,,,,,,,,,,,0.00,0.00,,,,,0.00,0.00,,,,,0.00,0.00,0.00,0.00
469857,Hot drinks,Tea - Speciality,6 x 20 each [6],Harneys Premium Darjeeling,,,,,,,,,0.00,0.00,,,,,,,,,,,,,0.00,0.00,,,,,0.00,0.00,,,,,0.00,0.00,0.00,0.00
1846752,Hot drinks,Tea - Speciality,6 x 20 each [6],Harneys Premium Decaffeinated Ceylon,,,,,,,,,0.00,0.00,,,,,,,,,,,,,0.00,0.00,,,,,0.00,0.00,,,,,0.00,0.00,0.00,0.00
252532,Hot drinks,Tea - Speciality,6 x 20 each [6],Harneys Premium Egyptian Chamomile,,,,,,,,,0.00,0.00,,,,,,,,,,,,,0.00,0.00,,,,,0.00,0.00,,,,,0.00,0.00,0.00,0.00
220671,Hot drinks,Tea - Speciality,6 x 20 each [6],Harneys Premium English Breakfast,,,,,,,,,0.00,0.00,,,,,,,,,,,,,0.00,0.00,,,,,0.00,0.00,,,,,0.00,0.00,0.00,0.00
220629,Hot drinks,Tea - Speciality,6 x 20 each [6],Harneys Premium Red Raspberry,,,,,,,,,0.00,0.00,,,,,,,,,,,,,0.00,0.00,,,,,0.00,0.00,,,,,0.00,0.00,0.00,0.00
249110,Hot drinks,Tea - Speciality,6 x 20 x 1 pack [120],Japanese  Sencha - Japanese Sencha,,,,,,,,,0.00,0.00,,,,,,,,,,,,,0.00,0.00,,,,,0.00,0.00,,,,,0.00,0.00,0.00,0.00
200954,Hot drinks,Tea - Speciality,1 x 500 g  [1],Matcha Green Tea Powder,,,,,,,,,0.00,0.00,,,,,,,,,,,,,0.00,0.00,,,,,0.00,0.00,,,,,0.00,0.00,0.00,0.00
5322355,Hot drinks,Tea - Speciality,6 x 20 x 1 pack [120],Peppermint Tea,,,,,,,,,0.00,0.00,,,,,,,,,,,,,0.00,0.00,,,,,0.00,0.00,,,,,0.00,0.00,0.00,0.00
928080,Hot drinks,Tea - Speciality,6 x 20 x 1 Box [120],PREM ENGLISH BREAKFAST 6X20,,,,,,,,,0.00,0.00,,,,,,,,,,,,,0.00,0.00,,,,,0.00,0.00,,,,,0.00,0.00,0.00,0.00
198018,Low/No alcohol,Juices and Health Drinks,24 x 250 ml [24],Trip CBD Infused Drink w/ Adaptogens - Peach & Ginger,,,,,,,,,0.00,0.00,,,,,,,,,,,,,0.00,0.00,,,,,0.00,0.00,,,,,0.00,0.00,0.00,0.00
213262,Low/No alcohol,Liqueurs & Other,24 x 175 ml [24],Crodino Aperitivo - 0% - 1965,,,,,,,,,0.00,0.00,,,,,,,,,,,,,0.00,0.00,,,,,0.00,0.00,,,,,0.00,0.00,0.00,0.00
212792,Milks,Fresh Milk (Chilled),4 x 2 ltr [4],Milk Semi Skimmed - Red Tractor,,,,,,,,,0.00,0.00,,,,,,,,,,,,,0.00,0.00,,,,,0.00,0.00,,,,,0.00,0.00,0.00,0.00
198174,Milks,Fresh Milk (Chilled),4 x 2ltr [4],Milk Skimmed,,,,,,,,,0.00,0.00,,,,,,,,,,,,,0.00,0.00,,,,,0.00,0.00,,,,,0.00,0.00,0.00,0.00
,Milks,Fresh Milk (Chilled),4 x 2 ltr [4],Milk Whole,,,,,,,,,0.00,0.00,,,,,,,,,,,,,0.00,0.00,,,,,0.00,0.00,,,,,0.00,0.00,0.00,0.00
2254370,Milks,Milk Drinks,12 x 1 ltr [12],Alpro - Milk Soya,,,,,,,,,0.00,0.00,,,,,,,,,,,,,0.00,0.00,,,,,0.00,0.00,,,,,0.00,0.00,0.00,0.00
1717994,Milks,Milk Drinks,8 x 1 ltr [8],Alpro Almond Milk - Unsweetened,,,,,,,,,0.00,0.00,,,,,,,,,,,,,0.00,0.00,,,,,0.00,0.00,,,,,0.00,0.00,0.00,0.00
,Milks,Milk Drinks,6 x 1 ltr [6],OATLY Foamable,,,,,,,,,0.00,0.00,,,,,,,,,,,,,0.00,0.00,,,,,0.00,0.00,,,,,0.00,0.00,0.00,0.00
7029515,Soft Drinks,Carbonated Drinks,24 x 200 ml [24],Coca Cola Coca Cola,,,,,,,,,0.00,0.00,,,,,,,,,,,,,0.00,0.00,,,,,0.00,0.00,,,,,0.00,0.00,0.00,0.00
7029519,Soft Drinks,Carbonated Drinks,1 x 24 x 330ml [24],Coca Cola Coca Cola - Can,,,,,,,,,0.00,0.00,,,,,,,,,,,,,0.00,0.00,,,,,0.00,0.00,,,,,0.00,0.00,0.00,0.00
4445637,Soft Drinks,Carbonated Drinks,24 x 330 ml [24],Coca Cola Coca Cola - NRB,,,,,,,,,0.00,0.00,,,,,,,,,,,,,0.00,0.00,,,,,0.00,0.00,,,,,0.00,0.00,0.00,0.00
5958307,Soft Drinks,Carbonated Drinks,24 x 200 ml [24],Coca Cola Diet Coca Cola,,,,,,,,,0.00,0.00,,,,,,,,,,,,,0.00,0.00,,,,,0.00,0.00,,,,,0.00,0.00,0.00,0.00
272570,Soft Drinks,Carbonated Drinks,24 x 330 ml [24],Coca Cola Diet Coke - Can,,,,,,,,,0.00,0.00,,,,,,,,,,,,,0.00,0.00,,,,,0.00,0.00,,,,,0.00,0.00,0.00,0.00
6657703,Soft Drinks,Carbonated Drinks,1 x 24 x 330ml [24],Coca Cola Icon Glass - Diet Coke - NRB,,,,,,,,,0.00,0.00,,,,,,,,,,,,,0.00,0.00,,,,,0.00,0.00,,,,,0.00,0.00,0.00,0.00
,Soft Drinks,Carbonated Drinks,1 x 24 x 330ml [24],Coke Zero Coca Cola - Can,,,,,,,,,0.00,0.00,,,,,,,,,,,,,0.00,0.00,,,,,0.00,0.00,,,,,0.00,0.00,0.00,0.00
6658258,Soft Drinks,Carbonated Drinks,12 x 275 ml [12],Fever Tree Cloudy Apple - Sparkling,,,,,,,,,0.00,0.00,,,,,,,,,,,,,0.00,0.00,,,,,0.00,0.00,,,,,0.00,0.00,0.00,0.00
2750571,Soft Drinks,Carbonated Drinks,24 x 200 ml [24],Fever Tree Cucumber Tonic Water - Light,,,,,,,,,0.00,0.00,,,,,,,,,,,,,0.00,0.00,,,,,0.00,0.00,,,,,0.00,0.00,0.00,0.00
,Soft Drinks,Carbonated Drinks,24 x 200 ml [24],Fever Tree Elderflower - Carbonated,,,,,,,,,0.00,0.00,,,,,,,,,,,,,0.00,0.00,,,,,0.00,0.00,,,,,0.00,0.00,0.00,0.00
2750575,Soft Drinks,Carbonated Drinks,24 x 200 ml [24],Fever Tree Ginger Ale - NRB,,,,,,,,,0.00,0.00,,,,,,,,,,,,,0.00,0.00,,,,,0.00,0.00,,,,,0.00,0.00,0.00,0.00
2681878,Soft Drinks,Carbonated Drinks,24 x 200 ml [24],Fever Tree Ginger Beer,,,,,,,,,0.00,0.00,,,,,,,,,,,,,0.00,0.00,,,,,0.00,0.00,,,,,0.00,0.00,0.00,0.00
2536558,Soft Drinks,Carbonated Drinks,12 x 275 ml [12],Fever Tree Ginger Beer - Sparkling,,,,,,,,,0.00,0.00,,,,,,,,,,,,,0.00,0.00,,,,,0.00,0.00,,,,,0.00,0.00,0.00,0.00
191582,Soft Drinks,Carbonated Drinks,24 x 200 ml [24],Fever Tree Indian Tonic Water,,,,,,,,,0.00,0.00,,,,,,,,,,,,,0.00,0.00,,,,,0.00,0.00,,,,,0.00,0.00,0.00,0.00
252543,Soft Drinks,Carbonated Drinks,24 x 200 ml [24],Fever Tree Lemonade - Clear,,,,,,,,,0.00,0.00,,,,,,,,,,,,,0.00,0.00,,,,,0.00,0.00,,,,,0.00,0.00,0.00,0.00
953670,Soft Drinks,Carbonated Drinks,24 x 200 ml [24],Fever Tree Mediterranean - Tonic,,,,,,,,,0.00,0.00,,,,,,,,,,,,,0.00,0.00,,,,,0.00,0.00,,,,,0.00,0.00,0.00,0.00
1703933,Soft Drinks,Carbonated Drinks,24 x 20 cl [24],Fever Tree Naturally Light - Tonic Water,,,,,,,,,0.00,0.00,,,,,,,,,,,,,0.00,0.00,,,,,0.00,0.00,,,,,0.00,0.00,0.00,0.00
2160497,Soft Drinks,Carbonated Drinks,12 x 275 ml [12],Fever Tree Raspberry Lemonade,,,,,,,,,0.00,0.00,,,,,,,,,,,,,0.00,0.00,,,,,0.00,0.00,,,,,0.00,0.00,0.00,0.00
2228251,Soft Drinks,Carbonated Drinks,12 x 275 ml [12],Fever Tree Sicilian Lemonade,,,,,,,,,0.00,0.00,,,,,,,,,,,,,0.00,0.00,,,,,0.00,0.00,,,,,0.00,0.00,0.00,0.00
,Soft Drinks,Carbonated Drinks,23 x 200 ml [24],Fever Tree Soda,,,,,,,,,0.00,0.00,,,,,,,,,,,,,0.00,0.00,,,,,0.00,0.00,,,,,0.00,0.00,0.00,0.00
3648810,Soft Drinks,Carbonated Drinks,24 x 200 ml [24],Fever Tree Soda - Mexican Lime,,,,,,,,,0.00,0.00,,,,,,,,,,,,,0.00,0.00,,,,,0.00,0.00,,,,,0.00,0.00,0.00,0.00
2069058,Soft Drinks,Carbonated Drinks,24 x 200 ml [24],Fever Tree Soda - Pink Grapefruit,,,,,,,,,0.00,0.00,,,,,,,,,,,,,0.00,0.00,,,,,0.00,0.00,,,,,0.00,0.00,0.00,0.00
2595133,Soft Drinks,Carbonated Drinks,1 x 2L,R Whites,,,,,,,,,0.00,0.00,,,,,,,,,,,,,0.00,0.00,,,,,0.00,0.00,,,,,0.00,0.00,0.00,0.00
6822475,Soft Drinks,Carbonated Drinks,24 x 330 ml [24],san pellegrino blood orange - can,,,,,,,,,0.00,0.00,,,,,,,,,,,,,0.00,0.00,,,,,0.00,0.00,,,,,0.00,0.00,0.00,0.00
674010,Soft Drinks,Carbonated Drinks,1 x 24 x 330ml [24],San Pellegrino Limonata - Can,,,,,,,,,0.00,0.00,,,,,,,,,,,,,0.00,0.00,,,,,0.00,0.00,,,,,0.00,0.00,0.00,0.00
388462,Soft Drinks,Carbonated Drinks,1 x 24 x 330ml [24],Sprite Sprite Zero - Can,,,,,,,,,0.00,0.00,,,,,,,,,,,,,0.00,0.00,,,,,0.00,0.00,,,,,0.00,0.00,0.00,0.00
252521,Soft Drinks,Cocktail Mixes,6 x 1 ltr [6],POMEGRANATE & SPICED PEAR COCKTAIL BLENDS 6 X 1L,,,,,,,,,0.00,0.00,,,,,,,,,,,,,0.00,0.00,,,,,0.00,0.00,,,,,0.00,0.00,0.00,0.00
329104,Soft Drinks,Energy,24 x 250 ml [24],Red Bull Red Bull - Cans,,,,,,,,,0.00,0.00,,,,,,,,,,,,,0.00,0.00,,,,,0.00,0.00,,,,,0.00,0.00,0.00,0.00
841768,Soft Drinks,Fruit Drinks / Water,6 x 3 x 200 ml [18],Cawston Press Apple & Summer Berries,,,,,,,,,0.00,0.00,,,,,,,,,,,,,0.00,0.00,,,,,0.00,0.00,,,,,0.00,0.00,0.00,0.00
400356,Soft Drinks,Fruit Juice,6 x 3 x 200 ml [18],Cawston Press Apple &amp; Pear - Kids Juice,,,,,,,,,0.00,0.00,,,,,,,,,,,,,0.00,0.00,,,,,0.00,0.00,,,,,0.00,0.00,0.00,0.00
401333,Soft Drinks,Fruit Juice,8 x 1 ltr [8],Cawston Press Pineapple - Sweet,,,,,,,,,0.00,0.00,,,,,,,,,,,,,0.00,0.00,,,,,0.00,0.00,,,,,0.00,0.00,0.00,0.00
401023,Soft Drinks,Fruit Juice,8 x 1 ltr [8],Eager Juices Apple Juice,,,,,,,,,0.00,0.00,,,,,,,,,,,,,0.00,0.00,,,,,0.00,0.00,,,,,0.00,0.00,0.00,0.00
,Soft Drinks,Fruit Juice,8 x 1 ltr [8],Eager Juices Cranberry Juice,,,,,,,,,0.00,0.00,,,,,,,,,,,,,0.00,0.00,,,,,0.00,0.00,,,,,0.00,0.00,0.00,0.00
391256,Soft Drinks,Fruit Juice,8 x 1 ltr [8],Eager Juices Orange Juice,,,,,,,,,0.00,0.00,,,,,,,,,,,,,0.00,0.00,,,,,0.00,0.00,,,,,0.00,0.00,0.00,0.00
4969238,Soft Drinks,Fruit Juice,8 x 1 ltr [8],Eager Juices Pineapple 1.5L,,,,,,,,,0.00,0.00,,,,,,,,,,,,,0.00,0.00,,,,,0.00,0.00,,,,,0.00,0.00,0.00,0.00
4956101,Soft Drinks,Fruit Juice,8 x 1.5 ltr [8],Eager Pineapple Juice 1L,,,,,,,,,0.00,0.00,,,,,,,,,,,,,0.00,0.00,,,,,0.00,0.00,,,,,0.00,0.00,0.00,0.00
252519,Soft Drinks,Fruit Juice,8 x 1 ltr [8],Eager Tomato Juice,,,,,,,,,0.00,0.00,,,,,,,,,,,,,0.00,0.00,,,,,0.00,0.00,,,,,0.00,0.00,0.00,0.00
227594,Soft Drinks,Fruit Juice,1 x 1 ltr [1],Lemon Juice - HPP,,,,,,,,,0.00,0.00,,,,,,,,,,,,,0.00,0.00,,,,,0.00,0.00,,,,,0.00,0.00,0.00,0.00
2242030,Soft Drinks,Fruit Juice,1 x 1 ltr [1],Lime Juice - HPP,,,,,,,,,0.00,0.00,,,,,,,,,,,,,0.00,0.00,,,,,0.00,0.00,,,,,0.00,0.00,0.00,0.00
547032,Soft Drinks,Fruit Juice,12 x 1ltr [12],Ocean Spray Pink Cranberry Juice,,,,,,,,,0.00,0.00,,,,,,,,,,,,,0.00,0.00,,,,,0.00,0.00,,,,,0.00,0.00,0.00,0.00
2595277,Soft Drinks,Fruit Juice,2 x 2.27 ltr [2],Orange Juice - Pasturised,,,,,,,,,0.00,0.00,,,,,,,,,,,,,0.00,0.00,,,,,0.00,0.00,,,,,0.00,0.00,0.00,0.00
251833,Soft Drinks,Fruit Juice,6 x 250 ml [6],PRESS Lean Green,,,,,,,,,0.00,0.00,,,,,,,,,,,,,0.00,0.00,,,,,0.00,0.00,,,,,0.00,0.00,0.00,0.00
201119,Soft Drinks,Juices and Health Drinks,8 x 1 ltr [8],Eager Pink Grapefruit - Fruit Juice,,,,,,,,,0.00,0.00,,,,,,,,,,,,,0.00,0.00,,,,,0.00,0.00,,,,,0.00,0.00,0.00,0.00
201130,Soft Drinks,Juices and Health Drinks,6 x 1 each [6],PRESS Berry Boost 250ml,,,,,,,,,0.00,0.00,,,,,,,,,,,,,0.00,0.00,,,,,0.00,0.00,,,,,0.00,0.00,0.00,0.00
330923,Soft Drinks,Juices and Health Drinks,6 x 1 each [6],PRESS Golden Glow Smoothie,,,,,,,,,0.00,0.00,,,,,,,,,,,,,0.00,0.00,,,,,0.00,0.00,,,,,0.00,0.00,0.00,0.00
252556,Soft Drinks,Juices and Health Drinks,6 x 250 ml [6],PRESS Raw Smoothie - Triple Berry,,,,,,,,,0.00,0.00,,,,,,,,,,,,,0.00,0.00,,,,,0.00,0.00,,,,,0.00,0.00,0.00,0.00
8534640,Soft Drinks,Post Mix,1 x 10 ltr [10],Coppa - Lemonade - BIB,,,,,,,,,0.00,0.00,,,,,,,,,,,,,0.00,0.00,,,,,0.00,0.00,,,,,0.00,0.00,0.00,0.00
6360787,Soft Drinks,Post Mix,1 x 7ltr [7],Schweppes Lemonade - BIB,,,,,,,,,0.00,0.00,,,,,,,,,,,,,0.00,0.00,,,,,0.00,0.00,,,,,0.00,0.00,0.00,0.00
6360776,Soft Drinks,Water,12 x 750 ml [12],Marlish Sparkling Water,,,,,,,,,0.00,0.00,,,,,,,,,,,,,0.00,0.00,,,,,0.00,0.00,,,,,0.00,0.00,0.00,0.00
8174119,Soft Drinks,Water,24 x 330 ml [24],Marlish Sparkling Water - Glass,,,,,,,,,0.00,0.00,,,,,,,,,,,,,0.00,0.00,,,,,0.00,0.00,,,,,0.00,0.00,0.00,0.00
362218,Soft Drinks,Water,12 x 750 ml [12],Marlish Still Water,,,,,,,,,0.00,0.00,,,,,,,,,,,,,0.00,0.00,,,,,0.00,0.00,,,,,0.00,0.00,0.00,0.00
674546,Soft Drinks,Water,24 x 330 ml [24],Marlish Still Water - Glass,,,,,,,,,0.00,0.00,,,,,,,,,,,,,0.00,0.00,,,,,0.00,0.00,,,,,0.00,0.00,0.00,0.00
5116861,Spirits,Vodka,1 x 70 cl [1],Absolut Blue Label - Vodka,,,,,,,,,0.00,0.00,,,,,,,,,,,,,0.00,0.00,,,,,0.00,0.00,,,,,0.00,0.00,0.00,0.00
388482,Spirits,Sake,1 x 50 cl [1],Akashi-Tai Ginjo Sake - Umeshu Plum,,,,,,,,,0.00,0.00,,,,,,,,,,,,,0.00,0.00,,,,,0.00,0.00,,,,,0.00,0.00,0.00,0.00
5083275,Spirits,Liqueurs & Other,1 x 70 cl [1],Ancho Reyes Verde - Liqueur - 40%,,,,,,,,,0.00,0.00,,,,,,,,,,,,,0.00,0.00,,,,,0.00,0.00,,,,,0.00,0.00,0.00,0.00
390594,Spirits,Bitters,1 x 20 cl [1],Angostura Angostura Bitters,,,,,,,,,0.00,0.00,,,,,,,,,,,,,0.00,0.00,,,,,0.00,0.00,,,,,0.00,0.00,0.00,0.00
6822694,Spirits,Liqueurs & Other,1 x 70cl [1],Aperol Aperitivo - Liqueur,,,,,,,,,0.00,0.00,,,,,,,,,,,,,0.00,0.00,,,,,0.00,0.00,,,,,0.00,0.00,0.00,0.00
252559,Spirits,Whisky,1 x 70 cl [1],Ardbeg Whisky - 10YO - 46%,,,,,,,,,0.00,0.00,,,,,,,,,,,,,0.00,0.00,,,,,0.00,0.00,,,,,0.00,0.00,0.00,0.00
2218682,Spirits,Liqueurs & Other,1 x 70 cl [1],Baileys Irish Cream - 17.00%,,,,,,,,,0.00,0.00,,,,,,,,,,,,,0.00,0.00,,,,,0.00,0.00,,,,,0.00,0.00,0.00,0.00
,Spirits,Vodka,1 x 70 cl [1],Baller Vodka - 40% - Chilli Bacon,,,,,,,,,0.00,0.00,,,,,,,,,,,,,0.00,0.00,,,,,0.00,0.00,,,,,0.00,0.00,0.00,0.00
5693720,Spirits,Whisky,1 x 70cl [1],Balvenie Double Wood - Whisky - 12YO - 40%,,,,,,,,,0.00,0.00,,,,,,,,,,,,,0.00,0.00,,,,,0.00,0.00,,,,,0.00,0.00,0.00,0.00
390572,Spirits,Gin,1 x 70 cl [1],Beefeater 24 - Gin - 45% - (Super Premium),,,,,,,,,0.00,0.00,,,,,,,,,,,,,0.00,0.00,,,,,0.00,0.00,,,,,0.00,0.00,0.00,0.00
2579567,Spirits,Gin,1 x 70 cl [1],Beefeater Gin - 40.00%,,,,,,,,,0.00,0.00,,,,,,,,,,,,,0.00,0.00,,,,,0.00,0.00,,,,,0.00,0.00,0.00,0.00
2294250,Spirits,Liqueurs & Other,1 x 70 cl [1],Belle de Brillet - Liqueur,,,,,,,,,0.00,0.00,,,,,,,,,,,,,0.00,0.00,,,,,0.00,0.00,,,,,0.00,0.00,0.00,0.00
313198,Spirits,Vodka,1 x 70 cl [1],Black Cow Milk - Vodka,,,,,,,,,0.00,0.00,,,,,,,,,,,,,0.00,0.00,,,,,0.00,0.00,,,,,0.00,0.00,0.00,0.00
317958,Spirits,Gin,1 x 70 cl [1],Bombay Sapphire - Gin,,,,,,,,,0.00,0.00,,,,,,,,,,,,,0.00,0.00,,,,,0.00,0.00,,,,,0.00,0.00,0.00,0.00
1869994,Spirits,Bourbon / American Whiskey,1 x 70 cl [1],Bulleit Bourbon - 45% - Rye,,,,,,,,,0.00,0.00,,,,,,,,,,,,,0.00,0.00,,,,,0.00,0.00,,,,,0.00,0.00,0.00,0.00
252526,Spirits,Bourbon / American Whiskey,1 x 70 cl [1],Bulleit Bourbon - Whiskey - 45%,,,,,,,,,0.00,0.00,,,,,,,,,,,,,0.00,0.00,,,,,0.00,0.00,,,,,0.00,0.00,0.00,0.00
390569,Spirits,Whiskey,70 cl [1],Bushmills,,,,,,,,,0.00,0.00,,,,,,,,,,,,,0.00,0.00,,,,,0.00,0.00,,,,,0.00,0.00,0.00,0.00
4212470,Spirits,Liqueurs & Other,1 x 70cl [1],Campari Campari Bitter - 25.00%,,,,,,,,,0.00,0.00,,,,,,,,,,,,,0.00,0.00,,,,,0.00,0.00,,,,,0.00,0.00,0.00,0.00
329105,Spirits,Rum,1 x 70cl [1],Captain Morgan Spiced Rum - 35.00%,,,,,,,,,0.00,0.00,,,,,,,,,,,,,0.00,0.00,,,,,0.00,0.00,,,,,0.00,0.00,0.00,0.00
2250644,Spirits,Tequila,6 x 70cl  [6],Casamigos Blanco - Tequila Silver,,,,,,,,,0.00,0.00,,,,,,,,,,,,,0.00,0.00,,,,,0.00,0.00,,,,,0.00,0.00,0.00,0.00
,Spirits,cachaca,6 x 70cl  [6],Sagatiba Cachaca,,,,,,,,,0.00,0.00,,,,,,,,,,,,,0.00,0.00,,,,,0.00,0.00,,,,,0.00,0.00,0.00,0.00
399826,Spirits,Liqueurs & Other,1 x70 cl [1],Cazcabel - Coffee Liqueur,,,,,,,,,0.00,0.00,,,,,,,,,,,,,0.00,0.00,,,,,0.00,0.00,,,,,0.00,0.00,0.00,0.00
252547,Spirits,Liqueurs & Other,1 x 70 cl [1],Cazcabel - Honey Liqueur - 34%,,,,,,,,,0.00,0.00,,,,,,,,,,,,,0.00,0.00,,,,,0.00,0.00,,,,,0.00,0.00,0.00,0.00
391866,Spirits,Tequila,1 x 70 cl [1],Cazcabel Blanco,,,,,,,,,0.00,0.00,,,,,,,,,,,,,0.00,0.00,,,,,0.00,0.00,,,,,0.00,0.00,0.00,0.00
299550,Spirits,Tequila,1 x 70 cl [1],Cazcabel Coffee Tequila,,,,,,,,,0.00,0.00,,,,,,,,,,,,,0.00,0.00,,,,,0.00,0.00,,,,,0.00,0.00,0.00,0.00
6622907,Spirits,Tequila,1 x 70 cl [1],Cazcabel Reposado Tequila,,,,,,,,,0.00,0.00,,,,,,,,,,,,,0.00,0.00,,,,,0.00,0.00,,,,,0.00,0.00,0.00,0.00
1065888,Spirits,Liqueurs & Other,1 x 70 cl [1],Chambord Chambord - 16.5% - Raspberry Liqueur,,,,,,,,,0.00,0.00,,,,,,,,,,,,,0.00,0.00,,,,,0.00,0.00,,,,,0.00,0.00,0.00,0.00
7841223,Spirits,Gin,1 x 70 cl [1],Chase Gin - 40% - Rhubarb & Bramley Apple,,,,,,,,,0.00,0.00,,,,,,,,,,,,,0.00,0.00,,,,,0.00,0.00,,,,,0.00,0.00,0.00,0.00
2494190,Spirits,Whisky,1 x 70cl  [1],Chivas Regal - Whisky - 40%,,,,,,,,,0.00,0.00,,,,,,,,,,,,,0.00,0.00,,,,,0.00,0.00,,,,,0.00,0.00,0.00,0.00
4642411,Spirits,Vodka,1 x 70 cl [1],Ciroc Passion Fruit Vodka - 40%,,,,,,,,,0.00,0.00,,,,,,,,,,,,,0.00,0.00,,,,,0.00,0.00,,,,,0.00,0.00,0.00,0.00
3585957,Spirits,Vodka,1 x 70 cl [1],Ciroc Red Berry Vodka - 40%,,,,,,,,,0.00,0.00,,,,,,,,,,,,,0.00,0.00,,,,,0.00,0.00,,,,,0.00,0.00,0.00,0.00
3585957,Spirits,Vodka,1 x 70 cl [1],Ciroc Vodka - 40%,,,,,,,,,0.00,0.00,,,,,,,,,,,,,0.00,0.00,,,,,0.00,0.00,,,,,0.00,0.00,0.00,0.00
273584,Spirits,Liqueurs & Other,1 x 70cl [1],Cointreau Cointreau - 40%,,,,,,,,,0.00,0.00,,,,,,,,,,,,,0.00,0.00,,,,,0.00,0.00,,,,,0.00,0.00,0.00,0.00
8135336,Spirits,Brandy,1 x 70cl [1],Courvoisier VS - Cognac - 40%,,,,,,,,,0.00,0.00,,,,,,,,,,,,,0.00,0.00,,,,,0.00,0.00,,,,,0.00,0.00,0.00,0.00
361705,Spirits,Brandy,1 x 70 cl [1],Courvoisier XO - Cognac - 40%,,,,,,,,,0.00,0.00,,,,,,,,,,,,,0.00,0.00,,,,,0.00,0.00,,,,,0.00,0.00,0.00,0.00
1082300,Spirits,Tequila,1 x 70 cl [1],Don Julio Blanco - Tequila,,,,,,,,,0.00,0.00,,,,,,,,,,,,,0.00,0.00,,,,,0.00,0.00,,,,,0.00,0.00,0.00,0.00
8114174,Spirits,Tequila,1 x 70 cl [1],Don Julio Tequila - Reposado,,,,,,,,,0.00,0.00,,,,,,,,,,,,,0.00,0.00,,,,,0.00,0.00,,,,,0.00,0.00,0.00,0.00
8114175,Spirits,Tequila,1 x 70 cl [1],Don Julio Tequila Gold - 38% - Anejo,,,,,,,,,0.00,0.00,,,,,,,,,,,,,0.00,0.00,,,,,0.00,0.00,,,,,0.00,0.00,0.00,0.00
7532906,Spirits,Rum,1 x 70 cl [1],El Dorado Golden Rum - 40% - 5YO,,,,,,,,,0.00,0.00,,,,,,,,,,,,,0.00,0.00,,,,,0.00,0.00,,,,,0.00,0.00,0.00,0.00
5414149,Spirits,Liqueurs & Other,1 x 50 cl [1],Everleaf Non Alcoholic Spirit - Forest,,,,,,,,,0.00,0.00,,,,,,,,,,,,,0.00,0.00,,,,,0.00,0.00,,,,,0.00,0.00,0.00,0.00
9062549,Spirits,Liqueurs & Other,1 x 50 cl [1],Everleaf Non Alcoholic Spirit - Mountain,,,,,,,,,0.00,0.00,,,,,,,,,,,,,0.00,0.00,,,,,0.00,0.00,,,,,0.00,0.00,0.00,0.00
8582362,Spirits,Liqueurs & Other,1 x 70cl [1],Frangelico Frangelico - 24.00%,,,,,,,,,0.00,0.00,,,,,,,,,,,,,0.00,0.00,,,,,0.00,0.00,,,,,0.00,0.00,0.00,0.00
9337536,Spirits,Whisky,1 x 70 cl [1],Glenfiddich Whisky - 15YO - 40% - Solera Reserve,,,,,,,,,0.00,0.00,,,,,,,,,,,,,0.00,0.00,,,,,0.00,0.00,,,,,0.00,0.00,0.00,0.00
8611364,Spirits,Whisky,1 x 70 cl [1],Glenlivet Founders Reserve - Whisky,,,,,,,,,0.00,0.00,,,,,,,,,,,,,0.00,0.00,,,,,0.00,0.00,,,,,0.00,0.00,0.00,0.00
8042042,Spirits,Whisky,1 x 70cl  [1],Glenmorangie Whisky - 10YO,,,,,,,,,0.00,0.00,,,,,,,,,,,,,0.00,0.00,,,,,0.00,0.00,,,,,0.00,0.00,0.00,0.00
4089407,Spirits,Whisky,1 x 70cl  [1],Glenmorangie Whisky - 10YO - 40%,,,,,,,,,0.00,0.00,,,,,,,,,,,,,0.00,0.00,,,,,0.00,0.00,,,,,0.00,0.00,0.00,0.00
7533049,Spirits,Rum,6 x 70cl [6],Goslings Black Seal - Dark Rum - 40%,,,,,,,,,0.00,0.00,,,,,,,,,,,,,0.00,0.00,,,,,0.00,0.00,,,,,0.00,0.00,0.00,0.00
1745338,Spirits,Liqueurs & Other,1 x 70cl [1],Grand Marnier Grand Marnier - 40%,,,,,,,,,0.00,0.00,,,,,,,,,,,,,0.00,0.00,,,,,0.00,0.00,,,,,0.00,0.00,0.00,0.00
8582383,Spirits,Vodka,1 x 70 cl [1],Grey Goose Vodka - 40%,,,,,,,,,0.00,0.00,,,,,,,,,,,,,0.00,0.00,,,,,0.00,0.00,,,,,0.00,0.00,0.00,0.00
8040983,Spirits,Whisky,1 x 70 cl [1],Haig Club Whisky - 40%,,,,,,,,,0.00,0.00,,,,,,,,,,,,,0.00,0.00,,,,,0.00,0.00,,,,,0.00,0.00,0.00,0.00
9337534,Spirits,Whisky,6 x 70 cl  [6],Haig Club Whisky - Clubman - Mediterranean Orange,,,,,,,,,0.00,0.00,,,,,,,,,,,,,0.00,0.00,,,,,0.00,0.00,,,,,0.00,0.00,0.00,0.00
8040821,Spirits,Rum,1 x 70 cl [1],Havana Club Golden Rum - 7YO,,,,,,,,,0.00,0.00,,,,,,,,,,,,,0.00,0.00,,,,,0.00,0.00,,,,,0.00,0.00,0.00,0.00
9337532,Spirits,Rum,1 x 70 cl [1],Havana Club Spiced Rum - Cuban,,,,,,,,,0.00,0.00,,,,,,,,,,,,,0.00,0.00,,,,,0.00,0.00,,,,,0.00,0.00,0.00,0.00
9337527,Spirits,Rum,1 x 70 cl [1],Havana Club White Rum - 40% - 3YO,,,,,,,,,0.00,0.00,,,,,,,,,,,,,0.00,0.00,,,,,0.00,0.00,,,,,0.00,0.00,0.00,0.00
,Spirits,Gin,1 x 70 cl [1],HENDRICKS Flora Adora Gin - 43.4%,,,,,,,,,0.00,0.00,,,,,,,,,,,,,0.00,0.00,,,,,0.00,0.00,,,,,0.00,0.00,0.00,0.00
8042244,Spirits,Gin,1 x 70cl [1],Hendrick's Gin - 41.4%,,,,,,,,,0.00,0.00,,,,,,,,,,,,,0.00,0.00,,,,,0.00,0.00,,,,,0.00,0.00,0.00,0.00
8582466,Spirits,Brandy,1 x 70 cl [1],Hennessy Cognac,,,,,,,,,0.00,0.00,,,,,,,,,,,,,0.00,0.00,,,,,0.00,0.00,,,,,0.00,0.00,0.00,0.00
8040501,Spirits,Brandy,1 x 70 cl [1],Hennessy XO - Cognac - 40%,,,,,,,,,0.00,0.00,,,,,,,,,,,,,0.00,0.00,,,,,0.00,0.00,,,,,0.00,0.00,0.00,0.00
8582524,Spirits,Liqueurs & Other,1 x 70cl [1],Italicus - Liqueur - 20%,,,,,,,,,0.00,0.00,,,,,,,,,,,,,0.00,0.00,,,,,0.00,0.00,,,,,0.00,0.00,0.00,0.00
9337535,Spirits,Bourbon / American Whiskey,1 x 70 cl [1],Jack Daniels Jack Daniels - Whiskey - 40% - Bourbon,,,,,,,,,0.00,0.00,,,,,,,,,,,,,0.00,0.00,,,,,0.00,0.00,,,,,0.00,0.00,0.00,0.00
9337529,Spirits,Liqueurs & Other,1 x 70 cl [1],Jägermeister Jagermeister - 35.00%,,,,,,,,,0.00,0.00,,,,,,,,,,,,,0.00,0.00,,,,,0.00,0.00,,,,,0.00,0.00,0.00,0.00
8042295,Spirits,Imported Whiskey,70 cl [1],Jameson Whiskey - 40%,,,,,,,,,0.00,0.00,,,,,,,,,,,,,0.00,0.00,,,,,0.00,0.00,,,,,0.00,0.00,0.00,0.00
9337528,Spirits,Brandy,1 x 70 cl [1],Janneau Traditional - Armagnac,,,,,,,,,0.00,0.00,,,,,,,,,,,,,0.00,0.00,,,,,0.00,0.00,,,,,0.00,0.00,0.00,0.00
1745504,Spirits,Whisky,1 x 70cl [1],Johnnie Walker Black Label - Whisky - 40%,,,,,,,,,0.00,0.00,,,,,,,,,,,,,0.00,0.00,,,,,0.00,0.00,,,,,0.00,0.00,0.00,0.00
1372210,Spirits,Whisky,1 x 70 cl [1],Johnnie Walker Blue Label - Whisky - 40%,,,,,,,,,0.00,0.00,,,,,,,,,,,,,0.00,0.00,,,,,0.00,0.00,,,,,0.00,0.00,0.00,0.00
5414946,Spirits,Vodka,1 x 70 cl [1],Jumping Goat Vodka - Coffee Infused,,,,,,,,,0.00,0.00,,,,,,,,,,,,,0.00,0.00,,,,,0.00,0.00,,,,,0.00,0.00,0.00,0.00
1798348,Spirits,Liqueurs & Other,1 x 70 cl [1],Kahlua Coffee Liqueur - 20%,,,,,,,,,0.00,0.00,,,,,,,,,,,,,0.00,0.00,,,,,0.00,0.00,,,,,0.00,0.00,0.00,0.00
6312038,Spirits,Bourbon / American Whiskey,1 x 70 cl [1],Knob Creek Bourbon,,,,,,,,,0.00,0.00,,,,,,,,,,,,,0.00,0.00,,,,,0.00,0.00,,,,,0.00,0.00,0.00,0.00
8042307,Spirits,Rum,1 x 70 cl [1],Koko Kanu Coconut - Rum - 37.50%,,,,,,,,,0.00,0.00,,,,,,,,,,,,,0.00,0.00,,,,,0.00,0.00,,,,,0.00,0.00,0.00,0.00
6904462,Spirits,Whisky,1 x 70cl [1],Laphroaig Whisky - 10YO - 40%,,,,,,,,,0.00,0.00,,,,,,,,,,,,,0.00,0.00,,,,,0.00,0.00,,,,,0.00,0.00,0.00,0.00
8146703,Spirits,Fortified Wine,1 x 75 cl [1],Lillet Blanc - 17%,,,,,,,,,0.00,0.00,,,,,,,,,,,,,0.00,0.00,,,,,0.00,0.00,,,,,0.00,0.00,0.00,0.00
8582357,Spirits,Sambuca,1 x 70cl [1],Luxardo Classic - Sambuca - 38%,,,,,,,,,0.00,0.00,,,,,,,,,,,,,0.00,0.00,,,,,0.00,0.00,,,,,0.00,0.00,0.00,0.00
8760674,Spirits,Liqueurs & Other,1 x 50 cl [1],Luxardo Limoncello,,,,,,,,,0.00,0.00,,,,,,,,,,,,,0.00,0.00,,,,,0.00,0.00,,,,,0.00,0.00,0.00,0.00
9337538,Spirits,Bourbon / American Whiskey,1 x 70 cl [1],Maker's Mark Whiskey - 45%,,,,,,,,,0.00,0.00,,,,,,,,,,,,,0.00,0.00,,,,,0.00,0.00,,,,,0.00,0.00,0.00,0.00
8040962,Spirits,Gin,1 x 70 cl [1],Malfy Con Arancia - Gin - 41%,,,,,,,,,0.00,0.00,,,,,,,,,,,,,0.00,0.00,,,,,0.00,0.00,,,,,0.00,0.00,0.00,0.00
7960497,Spirits,Gin,1 x 70 cl [1],MALFY Gin,,,,,,,,,0.00,0.00,,,,,,,,,,,,,0.00,0.00,,,,,0.00,0.00,,,,,0.00,0.00,0.00,0.00
8582500,Spirits,Gin,1 x 70 cl [1],MALFY Lemon Gin,,,,,,,,,0.00,0.00,,,,,,,,,,,,,0.00,0.00,,,,,0.00,0.00,,,,,0.00,0.00,0.00,0.00
6866941,Spirits,Gin,1 x 70 cl [1],MALFY Rosa Gin,,,,,,,,,0.00,0.00,,,,,,,,,,,,,0.00,0.00,,,,,0.00,0.00,,,,,0.00,0.00,0.00,0.00
5603765,Spirits,Liqueurs & Other,6 x 70 cl [6],Maraska - Maraschino - Cherry,,,,,,,,,0.00,0.00,,,,,,,,,,,,,0.00,0.00,,,,,0.00,0.00,,,,,0.00,0.00,0.00,0.00
7989176,Spirits,Brandy,1 x 70 cl [1],Martell VS - Cognac - 40%,,,,,,,,,0.00,0.00,,,,,,,,,,,,,0.00,0.00,,,,,0.00,0.00,,,,,0.00,0.00,0.00,0.00
362150,Spirits,Gin,1 x 70cl [1],Martin Millers Gin - 40.00%,,,,,,,,,0.00,0.00,,,,,,,,,,,,,0.00,0.00,,,,,0.00,0.00,,,,,0.00,0.00,0.00,0.00
2250669,Spirits,Martini/Vermouth,1 x 75 cl [1],Martini Riserva Especiale - Ambrato,,,,,,,,,0.00,0.00,,,,,,,,,,,,,0.00,0.00,,,,,0.00,0.00,,,,,0.00,0.00,0.00,0.00
3627310,Spirits,Gin,1 x 70 cl [1],Mirabeau Dry Gin - 43% - Rose,,,,,,,,,0.00,0.00,,,,,,,,,,,,,0.00,0.00,,,,,0.00,0.00,,,,,0.00,0.00,0.00,0.00
2593928,Spirits,Gin,1 x 50cl [1],Monkey 47 Dry Gin - 47%,,,,,,,,,0.00,0.00,,,,,,,,,,,,,0.00,0.00,,,,,0.00,0.00,,,,,0.00,0.00,0.00,0.00
2392250,Spirits,Whisky,1 x 70 cl  [1],Monkey Shoulder Whisky,,,,,,,,,0.00,0.00,,,,,,,,,,,,,0.00,0.00,,,,,0.00,0.00,,,,,0.00,0.00,0.00,0.00
4294957,Spirits,Bitters,1 x 11.8 cl [1],Ms Better's Bitters - Miraculous Foamer - 40%,,,,,,,,,0.00,0.00,,,,,,,,,,,,,0.00,0.00,,,,,0.00,0.00,,,,,0.00,0.00,0.00,0.00
329509,Spirits,Liqueurs & Other,1 x 70 cl [1],Nectarine Liqueur,,,,,,,,,0.00,0.00,,,,,,,,,,,,,0.00,0.00,,,,,0.00,0.00,,,,,0.00,0.00,0.00,0.00
362213,Spirits,Gin,1 x 70 cl [1],Nordes - Gin - 40.00%,,,,,,,,,0.00,0.00,,,,,,,,,,,,,0.00,0.00,,,,,0.00,0.00,,,,,0.00,0.00,0.00,0.00
2181328,Spirits,Tequila,1 x 70 cl [1],Olmeca Altos Plata - 38%,,,,,,,,,0.00,0.00,,,,,,,,,,,,,0.00,0.00,,,,,0.00,0.00,,,,,0.00,0.00,0.00,0.00
4868151,Spirits,Tequila,1 x 70 cl [1],Olmeca Altos Reposado - 38%,,,,,,,,,0.00,0.00,,,,,,,,,,,,,0.00,0.00,,,,,0.00,0.00,,,,,0.00,0.00,0.00,0.00
1329292,Spirits,Liqueurs & Other,1 x 70 cl [1],Passoa Passoa - 17.00%,,,,,,,,,0.00,0.00,,,,,,,,,,,,,0.00,0.00,,,,,0.00,0.00,,,,,0.00,0.00,0.00,0.00
227592,Spirits,Tequila,1 x 70 cl [1],Patron Anejo - Tequila,,,,,,,,,0.00,0.00,,,,,,,,,,,,,0.00,0.00,,,,,0.00,0.00,,,,,0.00,0.00,0.00,0.00
7750548,Spirits,Tequila,1 x 70 cl [1],Patron Reposado - Tequila,,,,,,,,,0.00,0.00,,,,,,,,,,,,,0.00,0.00,,,,,0.00,0.00,,,,,0.00,0.00,0.00,0.00
8582365,Spirits,Tequila,1 x 70 cl [1],Patron Tequila Silver,,,,,,,,,0.00,0.00,,,,,,,,,,,,,0.00,0.00,,,,,0.00,0.00,,,,,0.00,0.00,0.00,0.00
8582375,Spirits,Liqueurs & Other,1 x 70cl [1],Pimms No.1 Cup - 25.00%,,,,,,,,,0.00,0.00,,,,,,,,,,,,,0.00,0.00,,,,,0.00,0.00,,,,,0.00,0.00,0.00,0.00
4641149,Spirits,Gin,1 x 70cl [1],Plymouth Gin - 41.2%,,,,,,,,,0.00,0.00,,,,,,,,,,,,,0.00,0.00,,,,,0.00,0.00,,,,,0.00,0.00,0.00,0.00
8012448,Spirits,Gin,70 cl [1],Puerto De Indias Strawberry Gin,,,,,,,,,0.00,0.00,,,,,,,,,,,,,0.00,0.00,,,,,0.00,0.00,,,,,0.00,0.00,0.00,0.00
9337524,Spirits,Brandy,1 x 70 cl [1],Rémy Martin Remy Martin VSOP - Cognac - 40%,,,,,,,,,0.00,0.00,,,,,,,,,,,,,0.00,0.00,,,,,0.00,0.00,,,,,0.00,0.00,0.00,0.00
6622296,Spirits,Martini/Vermouth,1 x 75 cl [1],Riserva Speciale Rubino - Martini,,,,,,,,,0.00,0.00,,,,,,,,,,,,,0.00,0.00,,,,,0.00,0.00,,,,,0.00,0.00,0.00,0.00
8141849,Spirits,Rum,1 x 70 cl [1],Ron Santiago Anejo Rum - 8YO,,,,,,,,,0.00,0.00,,,,,,,,,,,,,0.00,0.00,,,,,0.00,0.00,,,,,0.00,0.00,0.00,0.00
3058354,Spirits,Rum,1 x 70cl [1],Sailor Jerry Rum,,,,,,,,,0.00,0.00,,,,,,,,,,,,,0.00,0.00,,,,,0.00,0.00,,,,,0.00,0.00,0.00,0.00
4044991,Spirits,Gin,1 x 70 cl [1],Salcombe - Gin - 44%,,,,,,,,,0.00,0.00,,,,,,,,,,,,,0.00,0.00,,,,,0.00,0.00,,,,,0.00,0.00,0.00,0.00
9337543,Spirits,Liqueurs & Other,1 x 70 cl [1],Saliza Tosolini - Amaretto,,,,,,,,,0.00,0.00,,,,,,,,,,,,,0.00,0.00,,,,,0.00,0.00,,,,,0.00,0.00,0.00,0.00
8582556,Spirits,Rum,1 x 70 cl [1],Santiago de Cuba Extra Anejo - 11YO,,,,,,,,,0.00,0.00,,,,,,,,,,,,,0.00,0.00,,,,,0.00,0.00,,,,,0.00,0.00,0.00,0.00
4821141,Spirits,Bourbon / American Whiskey,1 x 70 cl [1],Sazerac Straight Rye - Whiskey - 45%,,,,,,,,,0.00,0.00,,,,,,,,,,,,,0.00,0.00,,,,,0.00,0.00,,,,,0.00,0.00,0.00,0.00
,Spirits,Gin,1 x 70 cl [1],Silent Pool - Gin - 40%,,,,,,,,,0.00,0.00,,,,,,,,,,,,,0.00,0.00,,,,,0.00,0.00,,,,,0.00,0.00,0.00,0.00
8582568,Spirits,Whisky,1 x 70cl [1],Singleton of Dufftown Whisky - 12YO - 40%,,,,,,,,,0.00,0.00,,,,,,,,,,,,,0.00,0.00,,,,,0.00,0.00,,,,,0.00,0.00,0.00,0.00
6612366,Spirits,Gin,1 x 70 cl [1],Sipsmith Gin - 41.6%,,,,,,,,,0.00,0.00,,,,,,,,,,,,,0.00,0.00,,,,,0.00,0.00,,,,,0.00,0.00,0.00,0.00
8582601,Spirits,Gin,1 x 70 cl [1],Slingsby Gin - 40% - Gooseberry,,,,,,,,,0.00,0.00,,,,,,,,,,,,,0.00,0.00,,,,,0.00,0.00,,,,,0.00,0.00,0.00,0.00
9337542,Spirits,Vodka,1 x 70 cl [1],Smirnoff Black - Vodka,,,,,,,,,0.00,0.00,,,,,,,,,,,,,0.00,0.00,,,,,0.00,0.00,,,,,0.00,0.00,0.00,0.00
226299,Spirits,Liqueurs & Other,1 x 70cl [1],St Germain Elderflower Liqueur - 20%,,,,,,,,,0.00,0.00,,,,,,,,,,,,,0.00,0.00,,,,,0.00,0.00,,,,,0.00,0.00,0.00,0.00
7298076,Spirits,Whisky,1 x 70cl [1],Talisker Whisky - 10YO - 45.80%,,,,,,,,,0.00,0.00,,,,,,,,,,,,,0.00,0.00,,,,,0.00,0.00,,,,,0.00,0.00,0.00,0.00
7298099,Spirits,Gin,1 x 70 cl [1],Tanqueray Flor De Sevilla,,,,,,,,,0.00,0.00,,,,,,,,,,,,,0.00,0.00,,,,,0.00,0.00,,,,,0.00,0.00,0.00,0.00
7298078,Spirits,Gin,1 x 70cl [1],Tanqueray Gin - 0%,,,,,,,,,0.00,0.00,,,,,,,,,,,,,0.00,0.00,,,,,0.00,0.00,,,,,0.00,0.00,0.00,0.00
839700,Spirits,Gin,1 x 70cl [1],Tanqueray Gin - 43.10%,,,,,,,,,0.00,0.00,,,,,,,,,,,,,0.00,0.00,,,,,0.00,0.00,,,,,0.00,0.00,0.00,0.00
492176,Spirits,Gin,6 x 70 cl [6],Tanqueray Gin - Blackcurrant Royale,,,,,,,,,0.00,0.00,,,,,,,,,,,,,0.00,0.00,,,,,0.00,0.00,,,,,0.00,0.00,0.00,0.00
252554,Spirits,Gin,1 x 1 ltr [1],Tanqueray No. Ten - Gin - 47.3%,,,,,,,,,0.00,0.00,,,,,,,,,,,,,0.00,0.00,,,,,0.00,0.00,,,,,0.00,0.00,0.00,0.00
674672,Spirits,Gin,6 x 70cl  [6],Tanqueray Rangpur - Gin - ..,,,,,,,,,0.00,0.00,,,,,,,,,,,,,0.00,0.00,,,,,0.00,0.00,,,,,0.00,0.00,0.00,0.00
2325620,Spirits,Tequila,2 x 70 cl [1],Tequila Rose,,,,,,,,,0.00,0.00,,,,,,,,,,,,,0.00,0.00,,,,,0.00,0.00,,,,,0.00,0.00,0.00,0.00
2322706,Spirits,Vodka,1 x 70 cl [1],titos,,,,,,,,,0.00,0.00,,,,,,,,,,,,,0.00,0.00,,,,,0.00,0.00,,,,,0.00,0.00,0.00,0.00
8114191,Spirits,Tequila,1 x 70 cl [1],Verde Momento Mezcal - 42%,,,,,,,,,0.00,0.00,,,,,,,,,,,,,0.00,0.00,,,,,0.00,0.00,,,,,0.00,0.00,0.00,0.00
391255,Spirits,Gin,1 x 70 cl [1],Warner Edwards Harrington - Gin - Rhubarb,,,,,,,,,0.00,0.00,,,,,,,,,,,,,0.00,0.00,,,,,0.00,0.00,,,,,0.00,0.00,0.00,0.00
378816,Spirits,Bourbon / American Whiskey,1 x 70cl [1],Woodford Reserve - Whiskey - 43.2%,,,,,,,,,0.00,0.00,,,,,,,,,,,,,0.00,0.00,,,,,0.00,0.00,,,,,0.00,0.00,0.00,0.00
3583992,Spirits,Vodka,1 x 70 cl [1],"Yering Station, Little Yering, Pinot Noir",,,,,,,,,0.00,0.00,,,,,,,,,,,,,0.00,0.00,,,,,0.00,0.00,,,,,0.00,0.00,0.00,0.00
2959447,Sundries,Topping,6 x 500g [6],Core. Cream Aerosol,,,,,,,,,0.00,0.00,,,,,,,,,,,,,0.00,0.00,,,,,0.00,0.00,,,,,0.00,0.00,0.00,0.00
2325676,Sundries,Topping,6 x 500 g [6],Cream Aerosol - UHT,,,,,,,,,0.00,0.00,,,,,,,,,,,,,0.00,0.00,,,,,0.00,0.00,,,,,0.00,0.00,0.00,0.00
434766,Sundries,Topping,8 x 750 g [8],Lotus Biscoff Crumb Topping,,,,,,,,,0.00,0.00,,,,,,,,,,,,,0.00,0.00,,,,,0.00,0.00,,,,,0.00,0.00,0.00,0.00
378818,Sundries,Topping,1 x 1kg [1],"Marshmallows - Info- Mini, White",,,,,,,,,0.00,0.00,,,,,,,,,,,,,0.00,0.00,,,,,0.00,0.00,,,,,0.00,0.00,0.00,0.00
382630,Wines,Red Wine,6 x 75 cl [6],2019 Corino Giovanni di Corino Giuliano Barolo `Arborina`,,,,,,,,,0.00,0.00,,,,,,,,,,,,,0.00,0.00,,,,,0.00,0.00,,,,,0.00,0.00,0.00,0.00
2960601,Wines,Red Wine,6 x 75 cl [6],2019 Mitolo `Jester` McLaren Vale Shiraz,,,,,,,,,0.00,0.00,,,,,,,,,,,,,0.00,0.00,,,,,0.00,0.00,,,,,0.00,0.00,0.00,0.00
1031124,Wines,Red Wine,12 x 75 cl [12],Andeluna 1300 Malbec,,,,,,,,,0.00,0.00,,,,,,,,,,,,,0.00,0.00,,,,,0.00,0.00,,,,,0.00,0.00,0.00,0.00
,Wines,Red Wine,6 x 75 cl [6],Barolo  - Patres,,,,,,,,,0.00,0.00,,,,,,,,,,,,,0.00,0.00,,,,,0.00,0.00,,,,,0.00,0.00,0.00,0.00
1371540,Wines,Red Wine,6 x 75cl [6],Beaujolais Villages  - Domaine de Colonat,,,,,,,,,0.00,0.00,,,,,,,,,,,,,0.00,0.00,,,,,0.00,0.00,,,,,0.00,0.00,0.00,0.00
7988120,Wines,Red Wine,1 x 75 cl [1],Bourgogne Pinot Noir - Sylvain Debord,,,,,,,,,0.00,0.00,,,,,,,,,,,,,0.00,0.00,,,,,0.00,0.00,,,,,0.00,0.00,0.00,0.00
936502,Wines,Red Wine,6 x 75 cl [6],Campules 'El Moreno' NV - Bodegas la Purisima,,,,,,,,,0.00,0.00,,,,,,,,,,,,,0.00,0.00,,,,,0.00,0.00,,,,,0.00,0.00,0.00,0.00
7124512,Wines,Red Wine,1x75cl [1],Chateau du Gravillon  - St Emilion,,,,,,,,,0.00,0.00,,,,,,,,,,,,,0.00,0.00,,,,,0.00,0.00,,,,,0.00,0.00,0.00,0.00
,Wines,Red Wine,1 x 75 cl [1],Chateauneuf Du Pape Rouge 'Les Vallons de la Solitude' (organic),,,,,,,,,0.00,0.00,,,,,,,,,,,,,0.00,0.00,,,,,0.00,0.00,,,,,0.00,0.00,0.00,0.00
2575241,Wines,Red Wine,1 x 75CL [1],Chianti Classico Riserva PetriVicchiomaggio,,,,,,,,,0.00,0.00,,,,,,,,,,,,,0.00,0.00,,,,,0.00,0.00,,,,,0.00,0.00,0.00,0.00
2485346,Wines,Red Wine,6 x 75 cl [6],Chianti Riserva  -Bonacchi,,,,,,,,,0.00,0.00,,,,,,,,,,,,,0.00,0.00,,,,,0.00,0.00,,,,,0.00,0.00,0.00,0.00
2592586,Wines,Red Wine,6 x 75 cl [6],Cintila Red- Pegoes,,,,,,,,,0.00,0.00,,,,,,,,,,,,,0.00,0.00,,,,,0.00,0.00,,,,,0.00,0.00,0.00,0.00
2576031,Wines,Red Wine,6 x 75cl [6],Cotes Du Rhone Parallele 45 Rouge  - Paul Jaboulet Aine (organic),,,,,,,,,0.00,0.00,,,,,,,,,,,,,0.00,0.00,,,,,0.00,0.00,,,,,0.00,0.00,0.00,0.00
732201,Wines,Red Wine,6 x 75 cl [6],Dom des Pourthie Merlot,,,,,,,,,0.00,0.00,,,,,,,,,,,,,0.00,0.00,,,,,0.00,0.00,,,,,0.00,0.00,0.00,0.00
731249,Wines,Red Wine,6 x 75cl [6],Foundstone Merlot -Berton Vineyards,,,,,,,,,0.00,0.00,,,,,,,,,,,,,0.00,0.00,,,,,0.00,0.00,,,,,0.00,0.00,0.00,0.00
731251,Wines,Red Wine,6 x 75 cl [6],Hazy View Pinotage,,,,,,,,,0.00,0.00,,,,,,,,,,,,,0.00,0.00,,,,,0.00,0.00,,,,,0.00,0.00,0.00,0.00
731252,Wines,Red Wine,6 x 75 cl [6],Hugonell Rioja Reserva,,,,,,,,,0.00,0.00,,,,,,,,,,,,,0.00,0.00,,,,,0.00,0.00,,,,,0.00,0.00,0.00,0.00
1294675,Wines,Red Wine,6 x 75 cl [6],Le Campuget Rouge Syrah Viognier- Vdp Du Gard,,,,,,,,,0.00,0.00,,,,,,,,,,,,,0.00,0.00,,,,,0.00,0.00,,,,,0.00,0.00,0.00,0.00
3726008,Wines,Red Wine,6 x 75 cl [6],Montepulciano D'Abruzzo  - Feudi D'Albe,,,,,,,,,0.00,0.00,,,,,,,,,,,,,0.00,0.00,,,,,0.00,0.00,,,,,0.00,0.00,0.00,0.00
1294683,Wines,Red Wine,6 x 75cl [6],"Mount Langi Ghiran, Victoria, Billi Billi Shiraz",,,,,,,,,0.00,0.00,,,,,,,,,,,,,0.00,0.00,,,,,0.00,0.00,,,,,0.00,0.00,0.00,0.00
9362050,Wines,Red Wine,6 x 75cl [6],Picpus Malbec-Syrah IGP Comte Tolosan  - St Didier Parnac,,,,,,,,,0.00,0.00,,,,,,,,,,,,,0.00,0.00,,,,,0.00,0.00,,,,,0.00,0.00,0.00,0.00
2250833,Wines,Red Wine,6 x 75 cl [6],Primitivo Di Manduria -Talo,,,,,,,,,0.00,0.00,,,,,,,,,,,,,0.00,0.00,,,,,0.00,0.00,,,,,0.00,0.00,0.00,0.00
6822479,Wines,Red Wine,6 x 75cl [6],Primitivo IGP Salento -Il Pumo,,,,,,,,,0.00,0.00,,,,,,,,,,,,,0.00,0.00,,,,,0.00,0.00,,,,,0.00,0.00,0.00,0.00
3424588,Wines,Red Wine,1 x 75CL [1],Raymond Collection Cabernet Sauvignon,,,,,,,,,0.00,0.00,,,,,,,,,,,,,0.00,0.00,,,,,0.00,0.00,,,,,0.00,0.00,0.00,0.00
,Wines,Red Wine,1 x 75 cl [1],Rockburn Devils Staircase Pinot Noir,,,,,,,,,0.00,0.00,,,,,,,,,,,,,0.00,0.00,,,,,0.00,0.00,,,,,0.00,0.00,0.00,0.00
672867,Wines,Red Wine,6 x 75 cl [6],Sanvigilio Merlot,,,,,,,,,0.00,0.00,,,,,,,,,,,,,0.00,0.00,,,,,0.00,0.00,,,,,0.00,0.00,0.00,0.00
672866,Wines,Red Wine,6 x 75 cl [6],St Amour Paradis Amoureux,,,,,,,,,0.00,0.00,,,,,,,,,,,,,0.00,0.00,,,,,0.00,0.00,,,,,0.00,0.00,0.00,0.00
509450,Wines,Red Wine,6 x 75 cl [6],"Tabalí DOM Cabernet Sauvignon, Maipo",,,,,,,,,0.00,0.00,,,,,,,,,,,,,0.00,0.00,,,,,0.00,0.00,,,,,0.00,0.00,0.00,0.00
672864,Wines,Red Wine,6 x 75 cl [6],Gran Reserva Pinot Noir,,,,,,,,,0.00,0.00,,,,,,,,,,,,,0.00,0.00,,,,,0.00,0.00,,,,,0.00,0.00,0.00,0.00
936510,Wines,Red Wine,1 X 75 cl [1],"Zinfandel, Dry Creek Valley, Peterson Winery",,,,,,,,,0.00,0.00,,,,,,,,,,,,,0.00,0.00,,,,,0.00,0.00,,,,,0.00,0.00,0.00,0.00
672857,Wines,Rosé Wine,12 x 75 cl [12],2023 Monrouby Grenache Rose IGP Pays d&#39;Oc,,,,,,,,,0.00,0.00,,,,,,,,,,,,,0.00,0.00,,,,,0.00,0.00,,,,,0.00,0.00,0.00,0.00
328801,Wines,Rosé Wine,6 x 75 cl [6],Anemone alghero rosato,,,,,,,,,0.00,0.00,,,,,,,,,,,,,0.00,0.00,,,,,0.00,0.00,,,,,0.00,0.00,0.00,0.00
362216,Wines,Rosé Wine,6 x 75 cl [6],"Aumerade Style Rose, Côtes de Provence",,,,,,,,,0.00,0.00,,,,,,,,,,,,,0.00,0.00,,,,,0.00,0.00,,,,,0.00,0.00,0.00,0.00
2026422,Wines,Rosé Wine,6 x 75cl [6],Chateau Minuty M - Cotes de Provence Rose,,,,,,,,,0.00,0.00,,,,,,,,,,,,,0.00,0.00,,,,,0.00,0.00,,,,,0.00,0.00,0.00,0.00
,Wines,Rosé Wine,6 x 75cl [6],Chateau Leoube Rose,,,,,,,,,0.00,0.00,,,,,,,,,,,,,0.00,0.00,,,,,0.00,0.00,,,,,0.00,0.00,0.00,0.00
8366223,Wines,Rosé Wine,6 x 75 cl [6],Cintila Rose - Pegoes,,,,,,,,,0.00,0.00,,,,,,,,,,,,,0.00,0.00,,,,,0.00,0.00,,,,,0.00,0.00,0.00,0.00
3003475,Wines,Rosé Wine,6 x 75 cl [6],Domaine de l'Amour Rose 23 La Vidaubanaise 6/75,,,,,,,,,0.00,0.00,,,,,,,,,,,,,0.00,0.00,,,,,0.00,0.00,,,,,0.00,0.00,0.00,0.00
3988926,Wines,Rosé Wine,6 x 75 cl [6],"Mirabeau Classic, Cotes de Provence Rose",,,,,,,,,0.00,0.00,,,,,,,,,,,,,0.00,0.00,,,,,0.00,0.00,,,,,0.00,0.00,0.00,0.00
192300,Wines,Rosé Wine,12 x 75 cl [12],Notorious Pink Rose,,,,,,,,,0.00,0.00,,,,,,,,,,,,,0.00,0.00,,,,,0.00,0.00,,,,,0.00,0.00,0.00,0.00
329508,Wines,Rosé Wine,6 x 75 cl [6],Novita Pinot Grigio Blush,,,,,,,,,0.00,0.00,,,,,,,,,,,,,0.00,0.00,,,,,0.00,0.00,,,,,0.00,0.00,0.00,0.00
2140211,Wines,Rosé Wine,3 x 1.5 ltr [3],Whispering Angel Rose 21 Chateau D'Esclans 3/150,,,,,,,,,0.00,0.00,,,,,,,,,,,,,0.00,0.00,,,,,0.00,0.00,,,,,0.00,0.00,0.00,0.00
7032776,Wines,Rosé Wine,6 x 75 cl [6],Whispering Angel Rose 23 Chateau D'Esclans 6/75,,,,,,,,,0.00,0.00,,,,,,,,,,,,,0.00,0.00,,,,,0.00,0.00,,,,,0.00,0.00,0.00,0.00
252540,Wines,Sparkling Wine,6 x 75 cl [6],2019 Rathfinny Wine Estate Classic Cuvee Brut,,,,,,,,,0.00,0.00,,,,,,,,,,,,,0.00,0.00,,,,,0.00,0.00,,,,,0.00,0.00,0.00,0.00
2291755,Wines,Sparkling Wine,6 x 75 cl [6],Chapel Down Brut Reserve,,,,,,,,,0.00,0.00,,,,,,,,,,,,,0.00,0.00,,,,,0.00,0.00,,,,,0.00,0.00,0.00,0.00
2087274,Wines,Sparkling Wine,6 x 75 cl [6],Chapel Down Rose Reserve,,,,,,,,,0.00,0.00,,,,,,,,,,,,,0.00,0.00,,,,,0.00,0.00,,,,,0.00,0.00,0.00,0.00
5465183,Wines,Sparkling Wine,6 x 75cl [6],Classic Cuvee MV NV Nyetimber 6/75,,,,,,,,,0.00,0.00,,,,,,,,,,,,,0.00,0.00,,,,,0.00,0.00,,,,,0.00,0.00,0.00,0.00
391586,Wines,Sparkling Wine,3 x 150 cl [3],Classic Cuvee MV Nyetimber Magnum 3/150,,,,,,,,,0.00,0.00,,,,,,,,,,,,,0.00,0.00,,,,,0.00,0.00,,,,,0.00,0.00,0.00,0.00
1939799,Wines,Sparkling Wine,6 x 75cl [6],Levin 0% Blanc de Blancs - Villa Noria (Organic),,,,,,,,,0.00,0.00,,,,,,,,,,,,,0.00,0.00,,,,,0.00,0.00,,,,,0.00,0.00,0.00,0.00
299594,Wines,Sparkling Wine,24 x 250 ml [24],Lyre's Sparkling - Low Alcohol - Classico,,,,,,,,,0.00,0.00,,,,,,,,,,,,,0.00,0.00,,,,,0.00,0.00,,,,,0.00,0.00,0.00,0.00
630099,Wines,Sparkling Wine,6 x 75 cl [6],N.V. Prosecco Doc Extra Dry -Canal Grando,,,,,,,,,0.00,0.00,,,,,,,,,,,,,0.00,0.00,,,,,0.00,0.00,,,,,0.00,0.00,0.00,0.00
369877,Wines,Sparkling Wine,6 x 75 cl [6],NV Piper-Heidsieck Rosé Sauvage,,,,,,,,,0.00,0.00,,,,,,,,,,,,,0.00,0.00,,,,,0.00,0.00,,,,,0.00,0.00,0.00,0.00
3156821,Wines,Sparkling Wine,6 x 75 cl [6],Rose MV NV Nyetimber 6/75,,,,,,,,,0.00,0.00,,,,,,,,,,,,,0.00,0.00,,,,,0.00,0.00,,,,,0.00,0.00,0.00,0.00
674349,Wines,Sparkling Wine,6 x 75 cl [6],Sacchetto SF Prosecco DOC Rose Brut,,,,,,,,,0.00,0.00,,,,,,,,,,,,,0.00,0.00,,,,,0.00,0.00,,,,,0.00,0.00,0.00,0.00
362167,Wines,Sparkling Wine,1 x 1 x 75 CL [1],Sea Change (Alc. Free) Sparkling Brut 0.0% - 75cl Single,,,,,,,,,0.00,0.00,,,,,,,,,,,,,0.00,0.00,,,,,0.00,0.00,,,,,0.00,0.00,0.00,0.00
252549,Wines,Sparkling Wine,6 x 75 cl [6],Taittinger Brut Reserve N.V.,,,,,,,,,0.00,0.00,,,,,,,,,,,,,0.00,0.00,,,,,0.00,0.00,,,,,0.00,0.00,0.00,0.00
2181521,Wines,Sparkling Wine,1 x 75cl [1],Veuve Clicquot N.V.,,,,,,,,,0.00,0.00,,,,,,,,,,,,,0.00,0.00,,,,,0.00,0.00,,,,,0.00,0.00,0.00,0.00
4990036,Wines,White Wine,6 x 75cl [6],"2022 `Maximin` Mosel Riesling, Maximin Gru¨nhaus, Maximin, Germany",,,,,,,,,0.00,0.00,,,,,,,,,,,,,0.00,0.00,,,,,0.00,0.00,,,,,0.00,0.00,0.00,0.00
252535,Wines,White Wine,6 x 75 cl [6],2022 Azevedo Vinho Verde Loureiro/Alvarinho,,,,,,,,,0.00,0.00,,,,,,,,,,,,,0.00,0.00,,,,,0.00,0.00,,,,,0.00,0.00,0.00,0.00
4847725,Wines,White Wine,6 x 75 cl [6],2022 Bodegas Gallegas Sentidino Ri´as Baixas Albarino,,,,,,,,,0.00,0.00,,,,,,,,,,,,,0.00,0.00,,,,,0.00,0.00,,,,,0.00,0.00,0.00,0.00
2199484,Wines,White Wine,6 x 75 cl [6],2022 La Giustiniana `Lugarara` Gavi di Gavi,,,,,,,,,0.00,0.00,,,,,,,,,,,,,0.00,0.00,,,,,0.00,0.00,,,,,0.00,0.00,0.00,0.00
6836159,Wines,White Wine,6 x 75 cl [6],2022 Laroche Chablis 1er Cru `LEssence des Climats`,,,,,,,,,0.00,0.00,,,,,,,,,,,,,0.00,0.00,,,,,0.00,0.00,,,,,0.00,0.00,0.00,0.00
3581638,Wines,White Wine,1 x 75 cl [1],Chablis Er Cru Montmains - Domaine Jean Goulley - Domaine Jean Goulley,,,,,,,,,0.00,0.00,,,,,,,,,,,,,0.00,0.00,,,,,0.00,0.00,,,,,0.00,0.00,0.00,0.00
4534996,Wines,White Wine,1 x 75cl [1],"Chardonnay, Kidnappers Vineyard, Craggy Range",,,,,,,,,0.00,0.00,,,,,,,,,,,,,0.00,0.00,,,,,0.00,0.00,,,,,0.00,0.00,0.00,0.00
994808,Wines,White Wine,1 x 75cl [1],"Chardonnay, Monterey, Old Stage,",,,,,,,,,0.00,0.00,,,,,,,,,,,,,0.00,0.00,,,,,0.00,0.00,,,,,0.00,0.00,0.00,0.00
388479,Wines,White Wine,6 x 75 cl [6],Chevanceau Blanc Vermentino- Vin de France,,,,,,,,,0.00,0.00,,,,,,,,,,,,,0.00,0.00,,,,,0.00,0.00,,,,,0.00,0.00,0.00,0.00
7227646,Wines,White Wine,6 x 75 cl [6],Cintila White - Pegoes,,,,,,,,,0.00,0.00,,,,,,,,,,,,,0.00,0.00,,,,,0.00,0.00,,,,,0.00,0.00,0.00,0.00
6951934,Wines,White Wine,6 x 75cl [6],Cotes Du Rhone Parallele 45 Blanc  - Paul Jaboulet Aine (organic) (white),,,,,,,,,0.00,0.00,,,,,,,,,,,,,0.00,0.00,,,,,0.00,0.00,,,,,0.00,0.00,0.00,0.00
6823498,Wines,White Wine,6 x 75 cl [6],Gavi Di Gavi  -Fossilli,,,,,,,,,0.00,0.00,,,,,,,,,,,,,0.00,0.00,,,,,0.00,0.00,,,,,0.00,0.00,0.00,0.00
6766806,Wines,White Wine,6 x 75 cl [6],Heritage Viognier- Les Collines du Bourdic,,,,,,,,,0.00,0.00,,,,,,,,,,,,,0.00,0.00,,,,,0.00,0.00,,,,,0.00,0.00,0.00,0.00
7818854,Wines,White Wine,6 x 75cl [6],Jim Barry Watervale Riesling,,,,,,,,,0.00,0.00,,,,,,,,,,,,,0.00,0.00,,,,,0.00,0.00,,,,,0.00,0.00,0.00,0.00
815485,Wines,White Wine,6 x 75cl [6],les Boules,,,,,,,,,0.00,0.00,,,,,,,,,,,,,0.00,0.00,,,,,0.00,0.00,,,,,0.00,0.00,0.00,0.00
9303479,Wines,White Wine,6 x 75cl [6],Macon-Villages Mont Pele  - Domaine des Chenevie`res,,,,,,,,,0.00,0.00,,,,,,,,,,,,,0.00,0.00,,,,,0.00,0.00,,,,,0.00,0.00,0.00,0.00
6751001,Wines,White Wine,6 x 75 cl [6],Mesta Organic Verdejo- Peninsula (organic),,,,,,,,,0.00,0.00,,,,,,,,,,,,,0.00,0.00,,,,,0.00,0.00,,,,,0.00,0.00,0.00,0.00
8040482,Wines,White Wine,6x75cl [6],Nielson by Byron Santa Barb Chard 6X75,,,,,,,,,0.00,0.00,,,,,,,,,,,,,0.00,0.00,,,,,0.00,0.00,,,,,0.00,0.00,0.00,0.00
8040334,Wines,White Wine,6 x 75 cl [6],Pinot Grigio 'Elfo' Venezie- Sacchetto,,,,,,,,,0.00,0.00,,,,,,,,,,,,,0.00,0.00,,,,,0.00,0.00,,,,,0.00,0.00,0.00,0.00
9337533,Wines,White Wine,1 x 75cl [1],Pouilly Fuisse 1er Cru Prestige  - Dom Nadine Ferrand,,,,,,,,,0.00,0.00,,,,,,,,,,,,,0.00,0.00,,,,,0.00,0.00,,,,,0.00,0.00,0.00,0.00
8582451,Wines,White Wine,6 x 75cl [6],"Riff Pinot Grigio , Delle Venezie, Veneto DOC  - Alois Lageder",,,,,,,,,0.00,0.00,,,,,,,,,,,,,0.00,0.00,,,,,0.00,0.00,,,,,0.00,0.00,0.00,0.00
8040903,Wines,White Wine,6 x 75 cl [6],"Saint Clair Origin Sauvignon Blanc, Marlborough",,,,,,,,,0.00,0.00,,,,,,,,,,,,,0.00,0.00,,,,,0.00,0.00,,,,,0.00,0.00,0.00,0.00
9337531,Wines,White Wine,1 x 75cl [1],"Sancerre Blanc, Domaine Merlin-Cherrier",,,,,,,,,0.00,0.00,,,,,,,,,,,,,0.00,0.00,,,,,0.00,0.00,,,,,0.00,0.00,0.00,0.00
9337523,Wines,White Wine,1 x 75 cl [1],Sancerre Domaine G Millet  - Domaine Gérard Millet,,,,,,,,,0.00,0.00,,,,,,,,,,,,,0.00,0.00,,,,,0.00,0.00,,,,,0.00,0.00,0.00,0.00
9337537,Wines,White Wine,6 x 75 cl [6],Tournee du Sud Picpoul de Pinet,,,,,,,,,0.00,0.00,,,,,,,,,,,,,0.00,0.00,,,,,0.00,0.00,,,,,0.00,0.00,0.00,0.00
8042334,Wines,White Wine,6 x 75cl [6],Tumbleweed Wild Sauvignon Blanc  - Bruce Jack Wines,,,,,,,,,0.00,0.00,,,,,,,,,,,,,0.00,0.00,,,,,0.00,0.00,,,,,0.00,0.00,0.00,0.00
1880465,Wines,White Wine,6 x 75 cl [6],Wild Garden Chenin Blanc,,,,,,,,,0.00,0.00,,,,,,,,,,,,,0.00,0.00,,,,,0.00,0.00,,,,,0.00,0.00,0.00,0.00
,Wines,White Wine,6 x 75 cl [6],Soave,,,,,,,,,0.00,0.00,,,,,,,,,,,,,0.00,0.00,,,,,0.00,0.00,,,,,0.00,0.00,0.00,0.00
,Alcoholic bottles/ cans,Beer & Ale,24 x 330ml ml [24],Camden Town Ale,,,,,,,,,0.00,0.00,,,,,,,,,,,,,0.00,0.00,,,,,0.00,0.00,,,,,0.00,0.00,0.00,0.00
,Draught,Beer - Draught,6.6 x 1 gal (30 ltr),Jubel Peach,,,,,,,,,0.00,0.00,,,,,,,,,,,,,0.00,0.00,,,,,0.00,0.00,,,,,0.00,0.00,0.00,0.00
,Spirits,Gin,1 x 70cl [1],Moatwood Gin,,,,,,,,,0.00,0.00,,,,,,,,,,,,,0.00,0.00,,,,,0.00,0.00,,,,,0.00,0.00,0.00,0.00
,Spirits,Gin,1 x 70cl [1],No 3 Gin,,,,,,,,,0.00,0.00,,,,,,,,,,,,,0.00,0.00,,,,,0.00,0.00,,,,,0.00,0.00,0.00,0.00
,Spirits,Gin,1 x 70cl [1],Portobello Road Gin,,,,,,,,,0.00,0.00,,,,,,,,,,,,,0.00,0.00,,,,,0.00,0.00,,,,,0.00,0.00,0.00,0.00
,Spirits,Gin,1 x 70cl [1],Sarti Rosa Spritz,,,,,,,,,0.00,0.00,,,,,,,,,,,,,0.00,0.00,,,,,0.00,0.00,,,,,0.00,0.00,0.00,0.00
,Spirits,Rum,1 x 70 cl [1],Don papa Baroko,,,,,,,,,0.00,0.00,,,,,,,,,,,,,0.00,0.00,,,,,0.00,0.00,,,,,0.00,0.00,0.00,0.00
,Spirits,Rum,1 x 70 cl [1],El Dorado 15 yr,,,,,,,,,0.00,0.00,,,,,,,,,,,,,0.00,0.00,,,,,0.00,0.00,,,,,0.00,0.00,0.00,0.00
,Spirits,Rum,1 x 70 cl [1],El Dorado 12 yr,,,,,,,,,0.00,0.00,,,,,,,,,,,,,0.00,0.00,,,,,0.00,0.00,,,,,0.00,0.00,0.00,0.00
,Spirits,Whisky,1 x 70cl [1],Ardbeg,,,,,,,,,0.00,0.00,,,,,,,,,,,,,0.00,0.00,,,,,0.00,0.00,,,,,0.00,0.00,0.00,0.00
,Spirits,Whisky,1 x 70cl [1],Southern Comfort,,,,,,,,,0.00,0.00,,,,,,,,,,,,,0.00,0.00,,,,,0.00,0.00,,,,,0.00,0.00,0.00,0.00
,Spirits,Whisky,1 x 70cl [1],Buffalo Trace,,,,,,,,,0.00,0.00,,,,,,,,,,,,,0.00,0.00,,,,,0.00,0.00,,,,,0.00,0.00,0.00,0.00
,Draught,Beer - Draught,9 x 1 Gallon [9],Renegade Gold,,,,,,,,,0.00,0.00,,,,,,,,,,,,,0.00,0.00,,,,,0.00,0.00,,,,,0.00,0.00,0.00,0.00
,Spirits,Whisky,,Hibiki ,,,,,,,,,0.00,0.00,,,,,,,,,,,,,,,,,,,,,,,,,,,,
,Draught,Beer - Draught,,Hawkstone,,,,,,,,,0.00,0.00,,,,,,,,,,,,,,,,,,,,,,,,,,,,
,,,,,,,,,,,,,,,,,,,,,,,,,,,,,,,,,,,,,,,,,,
,,,,,,,,,,,,,,,,,,,,,,,,,,,,,,,,,,,,,,,,,,
,,,,,,,,,,,,,,,,,,,,,,,,,,,,,,,,,,,,,,,,,,
,,,,,,,,,,,,,,,,,,,,,,,,,,,,,,,,,,,,,,,,,,
,,,,,,,,,,,,,,,,,,,,,,,,,,,,,,,,,,,,,,,,,,
,,,,,,,,,,,,,,,,,,,,,,,,,,,,,,,,,,,,,,,,,,
,,,,,,,,,,,,,,,,,,,,,,,,,,,,,,,,,,,,,,,,,,
,,,,,,,,,,,,,,,,,,,,,,,,,,,,,,,,,,,,,,,,,,
,,,,,,,,,,,,,,,,,,,,,,,,,,,,,,,,,,,,,,,,,,
,,,,,,,,,,,,,,,,,,,,,,,,,,,,,,,,,,,,,,,,,,
,,,,,,,,,,,,,,,,,,,,,,,,,,,,,,,,,,,,,,,,,,
,,,,,,,,,,,,,,,,,,,,,,,,,,,,,,,,,,,,,,,,,,
,,,,,,,,,,,,,,,,,,,,,,,,,,,,,,,,,,,,,,,,,,
,,,,,,,,,,,,,,,,,,,,,,,,,,,,,,,,,,,,,,,,,,
,,,,,,,,,,,,,,,,,,,,,,,,,,,,,,,,,,,,,,,,,,